date,year,month,quarter,category_map,price_regime_mom,era,Copper,"Crude oil, average",Gold,Platinum,Silver,gold_target_m1,gold_lag1,gold_lag3,gold_lag12,crude_oil_average_lag1,crude_oil_average_lag3,crude_oil_average_lag12,platinum_lag1,platinum_lag3,platinum_lag12,silver_lag1,silver_lag3,silver_lag12,copper_lag1,copper_lag3,copper_lag12,gold_roll3_mean,gold_roll12_mean,gold_roll12_std,crude_oil_average_roll3_mean,crude_oil_average_roll12_mean,crude_oil_average_roll12_std,platinum_roll3_mean,platinum_roll12_mean,platinum_roll12_std,silver_roll3_mean,silver_roll12_mean,silver_roll12_std,copper_roll3_mean,copper_roll12_mean,copper_roll12_std
1/1/1960,1960,1,1,2,0,1,715.4,1.630000114,35.27,83.5,0.9137,35.27,35.27,35.27,35.27,1.630000114,1.630000114,1.630000114,83.5,83.5,83.5,0.9137,0.9137,0.9137,715.4,715.4,715.4,35.27,35.27,0.005773503,1.630000114,1.630000114,0.017320541,83.5,83.5,1.443375673,0.9137,0.9137,0.002713546,709.51,678.7558333,36.95824043
1/2/1960,1960,2,1,2,1,1,728.19,1.630000114,35.27,83.5,0.9137,35.27,35.27,35.27,35.27,1.630000114,1.630000114,1.630000114,83.5,83.5,83.5,0.9137,0.9137,0.9137,715.4,715.4,715.4,35.27,35.27,0.005773503,1.630000114,1.630000114,0.017320541,83.5,83.5,1.443375673,0.9137,0.9137,0.002713546,709.51,678.7558333,36.95824043
1/3/1960,1960,3,1,2,1,1,684.94,1.630000114,35.27,83.5,0.9137,35.27,35.27,35.27,35.27,1.630000114,1.630000114,1.630000114,83.5,83.5,83.5,0.9137,0.9137,0.9137,728.19,715.4,715.4,35.27,35.27,0.005773503,1.630000114,1.630000114,0.017320541,83.5,83.5,1.443375673,0.9137,0.9137,0.002713546,709.51,678.7558333,36.95824043
1/4/1960,1960,4,2,2,1,1,723.11,1.630000114,35.27,83.5,0.9137,35.27,35.27,35.27,35.27,1.630000114,1.630000114,1.630000114,83.5,83.5,83.5,0.9137,0.9137,0.9137,684.94,715.4,715.4,35.27,35.27,0.005773503,1.630000114,1.630000114,0.017320541,83.5,83.5,1.443375673,0.9137,0.9137,0.002713546,712.08,678.7558333,36.95824043
1/5/1960,1960,5,2,2,1,1,684.75,1.630000114,35.27,83.5,0.9137,35.27,35.27,35.27,35.27,1.630000114,1.630000114,1.630000114,83.5,83.5,83.5,0.9137,0.9137,0.9137,723.11,728.19,715.4,35.27,35.27,0.005773503,1.630000114,1.630000114,0.017320541,83.5,83.5,1.443375673,0.9137,0.9137,0.002713546,697.6,678.7558333,36.95824043
1/6/1960,1960,6,2,2,1,1,691.59,1.630000114,35.27,83.5,0.9137,35.27,35.27,35.27,35.27,1.630000114,1.630000114,1.630000114,83.5,83.5,83.5,0.9137,0.9137,0.9137,684.75,684.94,715.4,35.27,35.27,0.005773503,1.630000114,1.630000114,0.017320541,83.5,83.5,1.443375673,0.9137,0.9137,0.002713546,699.8166667,678.7558333,36.95824043
1/7/1960,1960,7,3,2,1,1,702.39,1.630000114,35.27,83.5,0.9137,35.27,35.27,35.27,35.27,1.630000114,1.630000114,1.630000114,83.5,83.5,83.5,0.9137,0.9137,0.9137,691.59,723.11,715.4,35.27,35.27,0.005773503,1.630000114,1.630000114,0.017320541,83.5,83.5,1.443375673,0.9137,0.9137,0.002713546,692.91,678.7558333,36.95824043
1/8/1960,1960,8,3,2,1,1,675.94,1.630000114,35.27,83.5,0.9137,35.27,35.27,35.27,35.27,1.630000114,1.630000114,1.630000114,83.5,83.5,83.5,0.9137,0.9137,0.9137,702.39,684.75,715.4,35.27,35.27,0.005773503,1.630000114,1.630000114,0.017320541,83.5,83.5,1.443375673,0.9137,0.9137,0.002713546,689.9733333,678.7558333,36.95824043
1/9/1960,1960,9,3,2,1,1,647.06,1.630000114,35.27,83.5,0.9137,35.27,35.27,35.27,35.27,1.630000114,1.630000114,1.630000114,83.5,83.5,83.5,0.9137,0.9137,0.9137,675.94,691.59,715.4,35.27,35.27,0.005773503,1.630000114,1.630000114,0.017320541,83.5,83.5,1.443375673,0.9137,0.9137,0.002713546,675.13,678.7558333,36.95824043
1/10/1960,1960,10,4,2,1,1,612.66,1.630000114,35.27,83.5,0.9137,35.27,35.27,35.27,35.27,1.630000114,1.630000114,1.630000114,83.5,83.5,83.5,0.9137,0.9137,0.9137,647.06,702.39,715.4,35.27,35.27,0.005773503,1.630000114,1.630000114,0.017320541,83.5,83.5,1.443375673,0.9137,0.9137,0.002713546,645.22,678.7558333,36.95824043
1/11/1960,1960,11,4,2,1,1,642.13,1.630000114,35.27,83.5,0.9137,35.27,35.27,35.27,35.27,1.630000114,1.630000114,1.630000114,83.5,83.5,83.5,0.9137,0.9137,0.9137,612.66,675.94,715.4,35.27,35.27,0.005773503,1.630000114,1.630000114,0.017320541,83.5,83.5,1.443375673,0.9137,0.9137,0.002713546,633.95,678.7558333,36.95824043
1/12/1960,1960,12,4,2,1,1,636.91,1.630000114,35.27,83.5,0.9137,35.25,35.27,35.27,35.27,1.630000114,1.630000114,1.630000114,83.5,83.5,83.5,0.9137,0.9137,0.9137,642.13,647.06,715.4,35.27,35.27,0.005773503,1.630000114,1.630000114,0.017320541,83.5,83.5,1.443375673,0.9137,0.9137,0.002713546,630.5666667,678.7558333,36.95824043
1/1/1961,1961,1,1,2,1,1,606.71,1.57,35.25,83.5,0.9137,35.25,35.27,35.27,35.27,1.630000114,1.630000114,1.630000114,83.5,83.5,83.5,0.9137,0.9137,0.9137,636.91,612.66,715.4,35.26333333,35.26833333,0.005773503,1.610000076,1.625000105,0.017320541,83.5,83.5,1.443375673,0.9137,0.9137,0.002713546,628.5833333,669.6983333,40.3263667
1/2/1961,1961,2,1,2,1,1,616.63,1.57,35.25,83.5,0.9137,35.25,35.25,35.27,35.27,1.57,1.630000114,1.630000114,83.5,83.5,83.5,0.9137,0.9137,0.9137,606.71,642.13,728.19,35.25666667,35.26666667,0.007784989,1.590000038,1.620000095,0.023355013,83.5,83.5,1.443375673,0.9137,0.9137,0.002713546,620.0833333,660.4016667,38.43082471
1/3/1961,1961,3,1,2,1,1,621.26,1.57,35.25,83.5,0.9137,35.25,35.25,35.27,35.27,1.57,1.630000114,1.630000114,83.5,83.5,83.5,0.9137,0.9137,0.9137,616.63,636.91,684.94,35.25,35.265,0.00904534,1.57,1.615000086,0.027136073,83.5,83.5,1.443375673,0.9137,0.9137,0.002713546,614.8666667,655.095,39.12476883
1/4/1961,1961,4,2,2,1,1,631.84,1.57,35.25,83.5,0.9137,35.25,35.25,35.25,35.27,1.57,1.57,1.630000114,83.5,83.5,83.5,0.9137,0.9137,0.9137,621.26,606.71,723.11,35.25,35.26333333,0.009847319,1.57,1.610000076,0.029542014,83.5,83.5,1.443375673,0.9137,0.9137,0.002713546,623.2433333,647.4891667,33.1097257
1/5/1961,1961,5,2,2,1,1,668.44,1.57,35.25,83.5,0.9137,35.25,35.25,35.25,35.27,1.57,1.57,1.630000114,83.5,83.5,83.5,0.9137,0.9137,0.9137,631.84,616.63,684.75,35.25,35.26166667,0.010298573,1.57,1.605000067,0.030895778,83.5,83.5,1.443375673,0.9137,0.9137,0.002713546,640.5133333,646.13,31.74786034
1/6/1961,1961,6,2,2,1,1,652.12,1.57,35.25,83.5,0.9137,35.25,35.25,35.25,35.27,1.57,1.57,1.630000114,83.5,83.5,83.5,0.9137,0.9137,0.9137,668.44,621.26,691.59,35.25,35.26,0.010444659,1.57,1.600000057,0.031334038,83.5,83.5,1.443375673,0.9137,0.9137,0.002713546,650.8,642.8408333,28.48705941
1/7/1961,1961,7,3,2,1,1,633.39,1.57,35.25,83.5,0.9137,35.25,35.25,35.25,35.27,1.57,1.57,1.630000114,83.5,83.5,83.5,0.9137,0.9137,0.9137,652.12,631.84,702.39,35.25,35.25833333,0.010298573,1.57,1.595000048,0.030895778,83.5,83.5,1.443375673,0.9137,0.9137,0.002713546,651.3166667,637.0908333,21.4753624
1/8/1961,1961,8,3,2,1,1,636.47,1.57,35.25,83.5,0.9137,35.25,35.25,35.25,35.27,1.57,1.57,1.630000114,83.5,83.5,83.5,0.9137,0.9137,0.9137,633.39,668.44,675.94,35.25,35.25666667,0.009847319,1.57,1.590000038,0.029542014,83.5,83.5,1.443375673,0.9137,0.9137,0.002713546,640.66,633.8016667,17.66971566
1/9/1961,1961,9,3,2,1,1,632.72,1.57,35.25,83.5,0.9137,35.25,35.25,35.25,35.27,1.57,1.57,1.630000114,83.5,83.5,83.5,0.9137,0.9137,0.9137,636.47,652.12,647.06,35.25,35.255,0.00904534,1.57,1.585000029,0.027136073,83.5,83.5,1.443375673,0.9137,0.9137,0.002713546,634.1933333,632.6066667,17.16936401
1/10/1961,1961,10,4,2,1,1,630.3,1.57,35.25,83.5,0.9137,35.25,35.25,35.25,35.27,1.57,1.57,1.630000114,83.5,83.5,83.5,0.9137,0.9137,0.9137,632.72,633.39,612.66,35.25,35.25333333,0.007784989,1.57,1.580000019,0.023355013,83.5,83.5,1.443375673,0.9137,0.9137,0.002713546,633.1633333,634.0766667,16.0232163
1/11/1961,1961,11,4,2,1,1,632.28,1.57,35.25,83.5,0.9231,35.25,35.25,35.25,35.27,1.57,1.57,1.630000114,83.5,83.5,83.5,0.9137,0.9137,0.9137,630.3,636.47,642.13,35.25,35.25166667,0.005773503,1.57,1.57500001,0.017320541,83.5,83.5,1.443375673,0.916833333,0.914483333,0.002713546,631.7666667,633.2558333,15.82421818
1/12/1961,1961,12,4,2,1,1,634.85,1.57,35.25,83.5,1.0332,35.23,35.25,35.25,35.27,1.57,1.57,1.630000114,83.5,83.5,83.5,0.9231,0.9137,0.9137,632.28,632.72,636.91,35.25,35.25,0,1.57,1.57,0,83.5,83.5,1.443375673,0.956666667,0.924441667,0.034356433,632.4766667,633.0841667,15.79211395
1/1/1962,1962,1,1,2,1,1,635.37,1.52,35.23,83.5,1.0428,35.23,35.25,35.25,35.25,1.57,1.57,1.57,83.5,83.5,83.5,1.0332,0.9137,0.9137,634.85,630.3,606.71,35.24333333,35.24833333,0.005773503,1.553333333,1.565833333,0.014433757,83.5,83.5,1.443375673,0.9997,0.9352,0.048136567,634.1666667,635.4725,13.43157144
1/2/1962,1962,2,1,2,3,1,647.94,1.52,35.23,83.5,1.0247,35.23,35.23,35.25,35.25,1.52,1.57,1.57,83.5,83.5,83.5,1.0428,0.9231,0.9137,635.37,632.28,616.63,35.23666667,35.24666667,0.007784989,1.536666667,1.561666667,0.019462474,83.5,83.5,1.443375673,1.033566667,0.94445,0.053944138,639.3866667,638.0816667,12.4432675
1/3/1962,1962,3,1,2,3,1,647.5,1.52,35.23,83.5,1.015,35.23,35.23,35.25,35.25,1.52,1.57,1.57,83.5,83.5,83.5,1.0247,1.0332,0.9137,647.94,634.85,621.26,35.23,35.245,0.00904534,1.52,1.5575,0.022613351,83.5,83.5,1.443375673,1.0275,0.952891667,0.056557508,643.6033333,640.2683333,11.48731461
1/4/1962,1962,4,2,2,1,1,645.95,1.52,35.23,83.5,1.015,35.23,35.23,35.23,35.25,1.52,1.52,1.57,83.5,83.5,83.5,1.015,1.0428,0.9137,647.5,635.37,631.84,35.23,35.24333333,0.009847319,1.52,1.553333333,0.024618298,83.5,83.5,1.443375673,1.018233333,0.961333333,0.057723941,647.13,641.4441667,11.26618388
1/5/1962,1962,5,2,2,1,1,645.73,1.52,35.23,83.5,1.015,35.23,35.23,35.23,35.25,1.52,1.52,1.57,83.5,83.5,83.5,1.015,1.0247,0.9137,645.95,647.94,668.44,35.23,35.24166667,0.010298573,1.52,1.549166667,0.025746433,83.5,83.5,1.443375673,1.015,0.969775,0.057531511,646.3933333,639.5516667,7.64443093
1/6/1962,1962,6,2,2,1,1,645.51,1.52,35.23,83.5,1.0227,35.23,35.23,35.23,35.25,1.52,1.52,1.57,83.5,83.5,83.5,1.015,1.015,0.9137,645.73,647.5,652.12,35.23,35.24,0.010444659,1.52,1.545,0.026111648,83.5,83.5,1.443375673,1.017566667,0.978858333,0.056468164,645.73,639.0008333,6.853720235
1/7/1962,1962,7,3,2,1,1,645.51,1.52,35.23,83.5,1.0355,35.23,35.23,35.23,35.25,1.52,1.52,1.57,83.5,83.5,83.5,1.0227,1.015,0.9137,645.51,645.95,633.39,35.23,35.23833333,0.010298573,1.52,1.540833333,0.025746433,83.5,83.5,1.443375673,1.0244,0.989008333,0.05460735,645.5833333,640.0108333,6.844738468
1/8/1962,1962,8,3,2,1,1,645.51,1.52,35.23,83.5,1.083,35.23,35.23,35.23,35.25,1.52,1.52,1.57,83.5,83.5,83.5,1.0355,1.015,0.9137,645.51,645.73,636.47,35.23,35.23666667,0.009847319,1.52,1.536666667,0.024618298,83.5,83.5,1.443375673,1.047066667,1.003116667,0.055248313,645.51,640.7641667,6.916699763
1/9/1962,1962,9,3,2,1,1,645.51,1.52,35.23,83.5,1.1546,35.23,35.23,35.23,35.25,1.52,1.52,1.57,83.5,83.5,83.5,1.083,1.0227,0.9137,645.51,645.51,632.72,35.23,35.235,0.00904534,1.52,1.5325,0.022613351,83.5,83.5,1.443375673,1.091033333,1.023191667,0.063023754,645.51,641.83,6.539602434
1/10/1962,1962,10,4,2,1,1,645.95,1.52,35.23,83.5,1.206,35.23,35.23,35.23,35.25,1.52,1.52,1.57,83.5,83.5,83.5,1.1546,1.0355,0.9137,645.51,645.51,630.3,35.23,35.23333333,0.007784989,1.52,1.528333333,0.019462474,83.5,83.5,1.443375673,1.147866667,1.04755,0.072615081,645.6566667,643.1341667,5.510763779
1/11/1962,1962,11,4,2,1,1,645.51,1.52,35.23,83.5,1.1917,35.23,35.23,35.23,35.25,1.52,1.52,1.57,83.5,83.5,83.5,1.206,1.083,0.9231,645.95,645.51,632.28,35.23,35.23166667,0.005773503,1.52,1.524166667,0.014433757,83.5,83.5,1.443375673,1.1841,1.069933333,0.07216251,645.6566667,644.2366667,4.341127489
1/12/1962,1962,12,4,2,1,1,645.73,1.52,35.23,83.5,1.1987,35.09,35.23,35.23,35.25,1.52,1.52,1.57,83.5,83.5,83.5,1.1917,1.1546,1.0332,645.51,645.51,634.85,35.23,35.23,0,1.52,1.52,0,83.5,83.5,1.443375673,1.1988,1.083725,0.07990375,645.73,645.1433333,3.184554581
1/1/1963,1963,1,1,2,1,1,645.51,1.5,35.09,83.5,1.2438,35.09,35.23,35.23,35.23,1.52,1.52,1.52,83.5,83.5,83.5,1.1987,1.206,1.0428,645.73,645.95,635.37,35.18333333,35.21833333,0.040414519,1.513333333,1.518333333,0.005773503,83.5,83.5,1.443375673,1.2114,1.100475,0.090861084,645.5833333,645.9883333,0.8313935
1/2/1963,1963,2,1,2,1,1,645.51,1.5,35.09,83.5,1.2564,35.09,35.09,35.23,35.23,1.5,1.52,1.52,83.5,83.5,83.5,1.2438,1.1917,1.0247,645.51,645.51,647.94,35.13666667,35.20666667,0.054494926,1.506666667,1.516666667,0.007784989,83.5,83.5,1.443375673,1.232966667,1.119783333,0.097659016,645.5833333,645.7858333,0.566575973
1/3/1963,1963,3,1,2,1,1,645.51,1.5,35.09,83.5,1.2714,35.09,35.09,35.23,35.23,1.5,1.52,1.52,83.5,83.5,83.5,1.2564,1.1987,1.015,645.51,645.73,647.5,35.09,35.195,0.063317382,1.5,1.515,0.00904534,83.5,83.5,1.443375673,1.2572,1.14115,0.100652313,645.51,645.62,0.175499288
1/4/1963,1963,4,2,2,1,1,645.73,1.5,35.09,78.5,1.2729,35.09,35.09,35.09,35.23,1.5,1.5,1.52,83.5,83.5,83.5,1.2714,1.2438,1.015,645.51,645.51,645.95,35.09,35.18333333,0.068931235,1.5,1.513333333,0.009847319,81.83333333,83.08333333,1.443375673,1.2669,1.162641667,0.098784112,645.5833333,645.6016667,0.147082743
1/5/1963,1963,5,2,2,1,1,645.51,1.5,35.09,78.5,1.2787,35.09,35.09,35.09,35.23,1.5,1.5,1.52,78.5,83.5,83.5,1.2729,1.2564,1.015,645.73,645.51,645.73,35.09,35.17166667,0.072090011,1.5,1.511666667,0.010298573,80.16666667,82.66666667,1.94624736,1.274333333,1.184616667,0.092056295,645.5833333,645.5833333,0.143294568
1/6/1963,1963,6,2,2,1,1,645.73,1.5,35.09,78.5,1.2768,35.09,35.09,35.09,35.23,1.5,1.5,1.52,78.5,83.5,83.5,1.2787,1.2714,1.0227,645.51,645.51,645.51,35.09,35.16,0.073112616,1.5,1.51,0.010444659,78.5,82.25,2.261335084,1.276133333,1.205791667,0.079839708,645.6566667,645.6016667,0.147082743
1/7/1963,1963,7,3,2,1,1,645.51,1.5,35.09,78.5,1.2899,35.09,35.09,35.09,35.23,1.5,1.5,1.52,78.5,78.5,83.5,1.2768,1.2729,1.0355,645.73,645.73,645.51,35.09,35.14833333,0.072090011,1.5,1.508333333,0.010298573,78.5,81.83333333,2.46182982,1.2818,1.226991667,0.062377042,645.5833333,645.6016667,0.147082743
1/8/1963,1963,8,3,2,1,1,645.51,1.5,35.09,78.95,1.2878,35.09,35.09,35.09,35.23,1.5,1.5,1.52,78.5,78.5,83.5,1.2899,1.2787,1.083,645.51,645.51,645.51,35.09,35.13666667,0.068931235,1.5,1.506666667,0.009847319,78.65,81.45416667,2.531210484,1.284833333,1.244058333,0.044993585,645.5833333,645.6016667,0.147082743
1/9/1963,1963,9,3,2,1,1,645.51,1.5,35.09,80.75,1.2926,35.09,35.09,35.09,35.23,1.5,1.5,1.52,78.95,78.5,83.5,1.2878,1.2768,1.1546,645.51,645.73,645.51,35.09,35.125,0.063317382,1.5,1.505,0.00904534,79.4,81.225,2.452410688,1.2901,1.255558333,0.036970688,645.51,645.6016667,0.147082743
1/10/1963,1963,10,4,2,2,1,645.51,1.5,35.09,80.5,1.293,35.09,35.09,35.09,35.23,1.5,1.5,1.52,80.75,78.5,83.5,1.2926,1.2899,1.206,645.51,645.51,645.95,35.09,35.11333333,0.054494926,1.5,1.503333333,0.007784989,80.06666667,80.975,2.350193416,1.291133333,1.262808333,0.034837609,645.51,645.565,0.099498744
1/11/1963,1963,11,4,2,1,1,645.73,1.5,35.09,82.97,1.293,35.09,35.09,35.09,35.23,1.5,1.5,1.52,80.5,78.95,83.5,1.293,1.2878,1.1917,645.51,645.51,645.51,35.09,35.10166667,0.040414519,1.5,1.501666667,0.005773503,81.40666667,80.93083333,2.302932748,1.292866667,1.27125,0.027552017,645.5833333,645.5833333,0.108320512
1/12/1963,1963,12,4,2,1,1,650.14,1.5,35.09,83.5,1.293,35.1,35.09,35.09,35.23,1.5,1.5,1.52,82.97,80.75,83.5,1.293,1.2926,1.1987,645.73,645.51,645.73,35.09,35.09,0,1.5,1.5,0,82.32333333,80.93083333,2.302932748,1.293,1.279108333,0.016007865,647.1266667,645.9508333,1.322878805
1/1/1964,1964,1,1,2,1,1,655.65,1.45,35.1,88.27,1.293,35.1,35.09,35.09,35.09,1.5,1.5,1.5,83.5,80.5,83.5,1.293,1.293,1.2438,650.14,645.51,645.51,35.09333333,35.09083333,0.002886751,1.483333333,1.495833333,0.014433757,84.91333333,81.32833333,3.070462901,1.293,1.283208333,0.011921521,650.5066667,646.7958333,3.083110762
1/2/1964,1964,2,1,2,1,1,693.79,1.45,35.1,88.5,1.293,35.1,35.1,35.09,35.09,1.45,1.5,1.5,88.27,82.97,83.5,1.293,1.293,1.2564,655.65,645.73,645.51,35.09666667,35.09166667,0.003892495,1.466666667,1.491666667,0.019462474,86.75666667,81.745,3.672236128,1.293,1.286258333,0.008680748,666.5266667,650.8191667,13.8731693
1/3/1964,1964,3,1,2,2,1,745.16,1.45,35.1,88.5,1.293,35.1,35.1,35.09,35.09,1.45,1.5,1.5,88.5,83.5,83.5,1.293,1.293,1.2714,693.79,650.14,645.51,35.1,35.0925,0.00452267,1.45,1.4875,0.022613351,88.42333333,82.16166667,4.142958612,1.293,1.288058333,0.00747547,698.2,659.1233333,30.39379193
1/4/1964,1964,4,2,2,1,1,861.56,1.45,35.1,88.5,1.293,35.1,35.1,35.1,35.09,1.45,1.45,1.5,88.5,88.27,78.5,1.293,1.293,1.2729,745.16,655.65,645.73,35.1,35.09333333,0.00492366,1.45,1.483333333,0.024618298,88.5,82.995,4.340491175,1.293,1.289733333,0.005844085,766.8366667,677.1091667,65.42236808
1/5/1964,1964,5,2,2,1,1,828.28,1.45,35.1,88.5,1.293,35.1,35.1,35.1,35.09,1.45,1.45,1.5,88.5,88.5,78.5,1.293,1.293,1.2787,861.56,693.79,645.51,35.1,35.09416667,0.005149287,1.45,1.479166667,0.025746433,88.5,83.82833333,4.358952821,1.293,1.290925,0.004744207,811.6666667,692.34,77.54841467
1/6/1964,1964,6,2,2,1,1,808.43,1.45,35.1,88.5,1.293,35.1,35.1,35.1,35.09,1.45,1.45,1.5,88.5,88.5,78.5,1.293,1.293,1.2768,828.28,745.16,645.73,35.1,35.095,0.00522233,1.45,1.475,0.026111648,88.5,84.66166667,4.200705208,1.293,1.292275,0.001665219,832.7566667,705.8983333,82.70966634
1/7/1964,1964,7,3,2,1,1,854.95,1.45,35.1,88.5,1.293,35.1,35.1,35.1,35.09,1.45,1.45,1.5,88.5,88.5,78.5,1.293,1.293,1.2899,808.43,861.56,645.51,35.1,35.09583333,0.005149287,1.45,1.470833333,0.025746433,88.5,85.495,3.843985858,1.293,1.292533333,0.001495042,830.5533333,723.3516667,90.53577915
1/8/1964,1964,8,3,2,1,1,999.33,1.45,35.1,88.5,1.293,35.1,35.1,35.1,35.09,1.45,1.45,1.5,88.5,88.5,78.95,1.293,1.293,1.2878,854.95,828.28,645.51,35.1,35.09666667,0.00492366,1.45,1.466666667,0.024618298,88.5,86.29083333,3.318423663,1.293,1.292966667,0.00011547,887.57,752.8366667,116.711117
1/9/1964,1964,9,3,2,1,1,1162.05,1.45,35.1,88.5,1.293,35.1,35.1,35.1,35.09,1.45,1.45,1.5,88.5,88.5,80.75,1.293,1.293,1.2926,999.33,808.43,645.51,35.1,35.0975,0.00452267,1.45,1.4625,0.022613351,88.5,86.93666667,2.865241013,1.293,1.293,0,1005.443333,795.8816667,160.5497396
1/10/1964,1964,10,4,2,1,1,1358.27,1.45,35.1,88.5,1.293,35.1,35.1,35.1,35.09,1.45,1.45,1.5,88.5,88.5,80.5,1.293,1.293,1.293,1162.05,854.95,645.51,35.1,35.09833333,0.003892495,1.45,1.458333333,0.019462474,88.5,87.60333333,2.044630811,1.293,1.293,0,1173.216667,855.2783333,220.5101191
1/11/1964,1964,11,4,2,1,1,1400.37,1.45,35.1,88.5,1.293,35.1,35.1,35.1,35.09,1.45,1.45,1.5,88.5,88.5,82.97,1.293,1.293,1.293,1358.27,999.33,645.73,35.1,35.09916667,0.002886751,1.45,1.454166667,0.014433757,88.5,88.06416667,1.438859765,1.293,1.293,0,1306.896667,918.165,259.4801561
1/12/1964,1964,12,4,2,2,1,1269.2,1.45,35.1,88.5,1.293,35.12,35.1,35.1,35.09,1.45,1.45,1.5,88.5,88.5,83.5,1.293,1.293,1.293,1400.37,1162.05,650.14,35.1,35.1,0,1.45,1.45,0,88.5,88.48083333,0.066395281,1.293,1.293,0,1342.613333,969.7533333,262.8655658
1/1/1965,1965,1,1,2,1,1,1000.68,1.42,35.12,93,1.293,35.12,35.1,35.1,35.1,1.45,1.45,1.45,88.5,88.5,88.27,1.293,1.293,1.293,1269.2,1358.27,655.65,35.10666667,35.10166667,0.005773503,1.44,1.4475,0.008660254,90,88.875,1.299038106,1.293,1.293,0,1223.416667,998.5058333,243.5451129
1/2/1965,1965,2,1,2,1,1,1179.91,1.42,35.12,98.5,1.293,35.12,35.12,35.1,35.1,1.42,1.45,1.45,93,88.5,88.5,1.293,1.293,1.293,1000.68,1400.37,693.79,35.11333333,35.10333333,0.007784989,1.43,1.445,0.011677484,93.33333333,89.70833333,3.055980228,1.293,1.293,0,1149.93,1039.015833,228.1983694
1/3/1965,1965,3,1,2,1,1,1237.23,1.42,35.12,98.5,1.293,35.12,35.12,35.1,35.1,1.42,1.45,1.45,98.5,88.5,88.5,1.293,1.293,1.293,1179.91,1269.2,745.16,35.12,35.105,0.00904534,1.42,1.4425,0.013568011,96.66666667,90.54166667,3.933875797,1.293,1.293,0,1139.273333,1080.021667,214.3869311
1/4/1965,1965,4,2,2,1,1,1348.34,1.42,35.12,98.5,1.293,35.12,35.12,35.12,35.1,1.42,1.42,1.45,98.5,93,88.5,1.293,1.293,1.293,1237.23,1000.68,861.56,35.12,35.10666667,0.009847319,1.42,1.44,0.014770979,98.5,91.375,4.48292214,1.293,1.293,0,1255.16,1120.586667,215.3437666
1/5/1965,1965,5,2,2,1,1,1378.55,1.42,35.12,98.5,1.293,35.12,35.12,35.12,35.1,1.42,1.42,1.45,98.5,98.5,88.5,1.293,1.293,1.293,1348.34,1179.91,828.28,35.12,35.10833333,0.010298573,1.42,1.4375,0.01544786,98.5,92.20833333,4.816913069,1.293,1.293,0,1321.373333,1166.4425,205.8179073
1/6/1965,1965,6,2,2,1,1,1308.88,1.42,35.12,98.5,1.293,35.12,35.12,35.12,35.1,1.42,1.42,1.45,98.5,98.5,88.5,1.293,1.293,1.293,1378.55,1237.23,808.43,35.12,35.11,0.010444659,1.42,1.435,0.015666989,98.5,93.04166667,4.979313267,1.293,1.293,0,1345.256667,1208.146667,175.0884871
1/7/1965,1965,7,3,2,1,1,1134.06,1.42,35.12,98.5,1.293,35.12,35.12,35.12,35.1,1.42,1.42,1.45,98.5,98.5,88.5,1.293,1.293,1.293,1308.88,1348.34,854.95,35.12,35.11166667,0.010298573,1.42,1.4325,0.01544786,98.5,93.875,4.986914696,1.293,1.293,0,1273.83,1231.405833,138.6509169
1/8/1965,1965,8,3,2,1,1,1209.9,1.42,35.12,98.5,1.293,35.12,35.12,35.12,35.1,1.42,1.42,1.45,98.5,98.5,88.5,1.293,1.293,1.293,1134.06,1378.55,999.33,35.12,35.11333333,0.009847319,1.42,1.43,0.014770979,98.5,94.70833333,4.840446699,1.293,1.293,0,1217.613333,1248.953333,118.4648685
1/9/1965,1965,9,3,2,1,1,1327.84,1.42,35.12,98.5,1.293,35.12,35.12,35.12,35.1,1.42,1.42,1.45,98.5,98.5,88.5,1.293,1.293,1.293,1209.9,1308.88,1162.05,35.12,35.115,0.00904534,1.42,1.4275,0.013568011,98.5,95.54166667,4.524972794,1.293,1.293,0,1223.933333,1262.769167,117.0677991
1/10/1965,1965,10,4,2,1,1,1401.92,1.42,35.12,98.5,1.293,35.12,35.12,35.12,35.1,1.42,1.42,1.45,98.5,98.5,88.5,1.293,1.293,1.293,1327.84,1134.06,1358.27,35.12,35.11666667,0.007784989,1.42,1.425,0.011677484,98.5,96.375,4.000710164,1.293,1.293,0,1313.22,1266.406667,120.9197081
1/11/1965,1965,11,4,2,1,1,1469.16,1.42,35.12,98.5,1.293,35.12,35.12,35.12,35.1,1.42,1.42,1.45,98.5,98.5,88.5,1.293,1.293,1.293,1401.92,1209.9,1400.37,35.12,35.11833333,0.005773503,1.42,1.4225,0.008660254,98.5,97.20833333,3.165569986,1.293,1.293,0,1399.64,1272.139167,129.1953189
1/12/1965,1965,12,4,2,1,1,1517.66,1.42,35.12,98.5,1.293,35.13,35.12,35.12,35.1,1.42,1.42,1.45,98.5,98.5,88.5,1.293,1.293,1.293,1469.16,1327.84,1269.2,35.12,35.12,0,1.42,1.42,0,98.5,98.04166667,1.58771324,1.293,1.293,0,1462.913333,1292.844167,147.3194461
1/1/1966,1966,1,1,2,1,1,1679.04,1.36,35.13,98.5,1.293,35.13,35.12,35.12,35.12,1.42,1.42,1.42,98.5,98.5,93,1.293,1.293,1.293,1517.66,1401.92,1000.68,35.12333333,35.12083333,0.002886751,1.4,1.415,0.017320508,98.5,98.5,0,1.293,1.293,0,1555.286667,1349.374167,154.9700387
1/2/1966,1966,2,1,2,1,1,1874.37,1.36,35.13,98.5,1.293,35.13,35.13,35.12,35.12,1.36,1.42,1.42,98.5,98.5,98.5,1.293,1.293,1.293,1679.04,1469.16,1179.91,35.12666667,35.12166667,0.003892495,1.38,1.41,0.023354968,98.5,98.5,0,1.293,1.293,0,1690.356667,1407.245833,206.9004604
1/3/1966,1966,3,1,2,1,1,1874.81,1.36,35.13,99.65,1.293,35.13,35.13,35.12,35.12,1.36,1.42,1.42,98.5,98.5,98.5,1.293,1.293,1.293,1874.37,1517.66,1237.23,35.13,35.1225,0.00452267,1.36,1.405,0.027136021,98.88333333,98.59583333,0.331976405,1.293,1.293,0,1809.406667,1460.3775,238.6936004
1/4/1966,1966,4,2,2,1,1,1907.44,1.36,35.13,100,1.293,35.13,35.13,35.13,35.12,1.36,1.36,1.42,99.65,98.5,98.5,1.293,1.293,1.293,1874.81,1679.04,1348.34,35.13,35.12333333,0.00492366,1.36,1.4,0.029541958,99.38333333,98.72083333,0.521125676,1.293,1.293,0,1885.54,1506.969167,267.6469962
1/5/1966,1966,5,2,2,1,1,1663.61,1.36,35.13,100,1.293,35.13,35.13,35.13,35.12,1.36,1.36,1.42,100,98.5,98.5,1.293,1.293,1.293,1907.44,1874.37,1378.55,35.13,35.12416667,0.005149287,1.36,1.395,0.030895719,99.88333333,98.84583333,0.631541524,1.293,1.293,0,1815.286667,1530.724167,267.8631483
1/6/1966,1966,6,2,2,1,1,1695.79,1.36,35.13,100,1.293,35.13,35.13,35.13,35.12,1.36,1.36,1.42,100,99.65,98.5,1.293,1.293,1.293,1663.61,1874.81,1308.88,35.13,35.125,0.00522233,1.36,1.39,0.031333978,100,98.97083333,0.701446017,1.293,1.293,0,1755.613333,1562.966667,261.9532016
1/7/1966,1966,7,3,2,1,1,1567.93,1.36,35.13,100,1.293,35.13,35.13,35.13,35.12,1.36,1.36,1.42,100,100,98.5,1.293,1.293,1.293,1695.79,1907.44,1134.06,35.13,35.12583333,0.005149287,1.36,1.385,0.030895719,100,99.09583333,0.742372834,1.293,1.293,0,1642.443333,1599.1225,224.659551
1/8/1966,1966,8,3,2,1,1,1195.34,1.36,35.13,100,1.293,35.13,35.13,35.13,35.12,1.36,1.36,1.42,100,100,98.5,1.293,1.293,1.293,1567.93,1663.61,1209.9,35.13,35.12666667,0.00492366,1.36,1.38,0.029541958,100,99.22083333,0.759023995,1.293,1.293,0,1486.353333,1597.909167,226.980083
1/9/1966,1966,9,3,2,1,1,1128.32,1.36,35.13,100,1.293,35.13,35.13,35.13,35.12,1.36,1.36,1.42,100,100,98.5,1.293,1.293,1.293,1195.34,1695.79,1327.84,35.13,35.1275,0.00452267,1.36,1.375,0.027136021,100,99.34583333,0.75301163,1.293,1.293,0,1297.196667,1581.2825,254.2330386
1/10/1966,1966,10,4,2,1,1,1275.37,1.36,35.13,100,1.293,35.13,35.13,35.13,35.12,1.36,1.36,1.42,100,100,98.5,1.293,1.293,1.293,1128.32,1567.93,1401.92,35.13,35.12833333,0.003892495,1.36,1.37,0.023354968,100,99.47083333,0.723771163,1.293,1.293,0,1199.676667,1570.736667,264.7564564
1/11/1966,1966,11,4,2,1,1,1301.61,1.36,35.13,100,1.293,35.13,35.13,35.13,35.12,1.36,1.36,1.42,100,100,98.5,1.293,1.293,1.293,1275.37,1195.34,1469.16,35.13,35.12916667,0.002886751,1.36,1.365,0.017320508,100,99.59583333,0.668260406,1.293,1.293,0,1235.1,1556.774167,274.8268413
1/12/1966,1966,12,4,2,1,1,1214.53,1.36,35.13,100,1.293,34.95,35.13,35.13,35.12,1.36,1.36,1.42,100,100,98.5,1.293,1.293,1.293,1301.61,1128.32,1517.66,35.13,35.13,0,1.36,1.36,0,100,99.72083333,0.57897179,1.293,1.293,0,1263.836667,1531.513333,292.1350178
1/1/1967,1967,1,1,2,1,1,1243.85,1.33,34.95,102.93,1.293,34.95,35.13,35.13,35.13,1.36,1.36,1.36,100,100,98.5,1.293,1.293,1.293,1214.53,1275.37,1679.04,35.07,35.115,0.051961524,1.35,1.3575,0.008660254,100.9766667,100.09,0.993625135,1.293,1.293,0,1253.33,1495.2475,299.0857437
1/2/1967,1967,2,1,2,1,1,1220.48,1.33,34.95,110.5,1.293,34.95,34.95,35.13,35.13,1.33,1.36,1.36,102.93,100,98.5,1.293,1.293,1.293,1243.85,1301.61,1874.37,35.01,35.1,0.070064905,1.34,1.355,0.011677484,104.4766667,101.09,3.085158019,1.293,1.293,0,1226.286667,1440.756667,282.859972
1/3/1967,1967,3,1,2,1,1,1098.34,1.33,34.95,110.5,1.293,34.95,34.95,35.13,35.13,1.33,1.36,1.36,110.5,100,99.65,1.293,1.293,1.293,1220.48,1214.53,1874.81,34.95,35.085,0.081408063,1.33,1.3525,0.013568011,107.9766667,101.9941667,4.060502563,1.293,1.293,0,1187.556667,1376.050833,262.628694
1/4/1967,1967,4,2,2,1,1,994.72,1.33,34.95,110.5,1.293,34.95,34.95,34.95,35.13,1.33,1.33,1.36,110.5,102.93,100,1.293,1.293,1.293,1098.34,1243.85,1907.44,34.95,35.07,0.088625874,1.33,1.35,0.014770979,110.5,102.8691667,4.676337841,1.293,1.293,0,1104.513333,1299.990833,224.0798183
1/5/1967,1967,5,2,2,1,1,1036.17,1.33,34.95,110.5,1.2959,34.95,34.95,34.95,35.13,1.33,1.33,1.36,110.5,110.5,100,1.293,1.293,1.293,994.72,1220.48,1663.61,34.95,35.055,0.092687157,1.33,1.3475,0.01544786,110.5,103.7441667,5.05748313,1.293966667,1.293241667,0.000837158,1043.076667,1247.704167,203.8058797
1/6/1967,1967,6,2,2,1,1,1015.22,1.33,34.95,110.5,1.301,34.95,34.95,34.95,35.13,1.33,1.33,1.36,110.5,110.5,100,1.2959,1.293,1.293,1036.17,1098.34,1695.79,34.95,35.04,0.094001934,1.33,1.345,0.015666989,110.5,104.6191667,5.255252711,1.296633333,1.293908333,0.002383831,1015.37,1190.99,157.1262422
1/7/1967,1967,7,3,2,1,1,997.37,1.33,34.95,110.5,1.5929,34.95,34.95,34.95,35.13,1.33,1.33,1.36,110.5,110.5,100,1.301,1.293,1.293,1015.22,994.72,1567.93,34.95,35.025,0.092687157,1.33,1.3425,0.01544786,110.5,105.4941667,5.290252543,1.3966,1.3189,0.08632007,1016.253333,1143.443333,112.7555403
1/8/1967,1967,8,3,2,1,1,1044.55,1.33,34.95,110.5,1.7498,34.95,34.95,34.95,35.13,1.33,1.33,1.36,110.5,110.5,100,1.5929,1.2959,1.293,997.37,1036.17,1195.34,34.95,35.01,0.088625874,1.33,1.34,0.014770979,110.5,106.3691667,5.16579213,1.5479,1.356966667,0.150628334,1019.046667,1130.8775,114.8294212
1/9/1967,1967,9,3,2,1,1,1060.2,1.33,34.95,110.5,1.6795,34.95,34.95,34.95,35.13,1.33,1.33,1.36,110.5,110.5,100,1.7498,1.301,1.293,1044.55,1015.22,1128.32,34.95,34.995,0.081408063,1.33,1.3375,0.013568011,110.5,107.2441667,4.869660168,1.674066667,1.389175,0.175049433,1034.04,1125.200833,116.6368995
1/10/1967,1967,10,4,2,1,1,1138.47,1.33,34.95,110.5,1.7859,34.95,34.95,34.95,35.13,1.33,1.33,1.36,110.5,110.5,100,1.6795,1.5929,1.293,1060.2,997.37,1275.37,34.95,34.98,0.070064905,1.33,1.335,0.011677484,110.5,108.1191667,4.367071951,1.7384,1.43025,0.205594608,1081.073333,1113.7925,106.9023857
1/11/1967,1967,11,4,2,1,1,1443.81,1.33,34.95,110.5,1.9532,34.95,34.95,34.95,35.13,1.33,1.33,1.36,110.5,110.5,100,1.7859,1.7498,1.293,1138.47,1044.55,1301.61,34.95,34.965,0.051961524,1.33,1.3325,0.008660254,110.5,108.9941667,3.571916874,1.8062,1.485266667,0.249231128,1214.16,1125.6425,134.0489693
1/12/1967,1967,12,4,2,1,1,1324.09,1.33,34.95,115.05,2.06,35.5,34.95,34.95,35.13,1.33,1.33,1.36,110.5,110.5,100,1.9532,1.6795,1.293,1443.81,1060.2,1214.53,34.95,34.95,0,1.33,1.33,0,112.0166667,110.2483333,2.649997713,1.933033333,1.549183333,0.290392455,1302.123333,1134.7725,144.0140548
1/1/1968,1968,1,1,2,1,1,1408.75,1.32,35.5,114,1.9899,36,34.95,34.95,34.95,1.33,1.33,1.33,115.05,110.5,102.93,2.06,1.7859,1.293,1324.09,1138.47,1243.85,35.13333333,34.99583333,0.158771324,1.326666667,1.329166667,0.002886751,113.1833333,111.1708333,1.582641396,2.001033333,1.607258333,0.303874132,1392.216667,1148.514167,162.0999401
1/2/1968,1968,2,1,2,1,1,1719.82,1.32,36,111.5,1.8547,37,35.5,34.95,34.95,1.32,1.33,1.33,114,110.5,110.5,1.9899,1.9532,1.293,1408.75,1443.81,1220.48,35.48333333,35.08333333,0.329140294,1.323333333,1.328333333,0.003892495,113.5166667,111.2541667,1.570387667,1.9682,1.654066667,0.294172369,1484.22,1190.125833,231.4918417
1/3/1968,1968,3,1,2,1,1,1701.08,1.32,37,111.5,2.1805,37.86,36,34.95,34.95,1.32,1.33,1.33,111.5,115.05,110.5,1.8547,2.06,1.293,1719.82,1324.09,1098.34,36.16666667,35.25416667,0.639409647,1.32,1.3275,0.00452267,112.3333333,111.3375,1.553167584,2.008366667,1.728025,0.306451257,1609.883333,1240.354167,271.6696015
1/4/1968,1968,4,2,2,1,1,1255.09,1.32,37.86,111.5,2.2028,40.7,37,35.5,34.95,1.32,1.32,1.33,111.5,114,110.5,2.1805,1.9899,1.293,1701.08,1408.75,994.72,36.95333333,35.49666667,0.976518243,1.32,1.326666667,0.00492366,111.5,111.4208333,1.530813559,2.079333333,1.803841667,0.301544908,1558.663333,1262.051667,260.4331565
1/5/1968,1968,5,2,2,1,1,1096.58,1.32,40.7,111.5,2.3768,41.14,37.86,36,34.95,1.32,1.32,1.33,111.5,111.5,110.5,2.2028,1.8547,1.2959,1255.09,1719.82,1036.17,38.52,35.97583333,1.771237155,1.32,1.325833333,0.005149287,111.5,111.5041667,1.503096551,2.253366667,1.893916667,0.297434041,1350.916667,1267.085833,256.2197122
1/6/1968,1968,6,2,2,2,1,1136.7,1.32,41.14,111.5,2.4641,39.46,40.7,37,34.95,1.32,1.32,1.33,111.5,111.5,110.5,2.3768,2.1805,1.301,1096.58,1701.08,1015.22,39.9,36.49166667,2.275029803,1.32,1.325,0.00522233,111.5,111.5875,1.469713175,2.3479,1.990841667,0.275344823,1162.79,1277.209167,247.6192523
1/7/1968,1968,7,3,2,1,1,1054.25,1.32,39.46,122.5,2.3138,39.19,41.14,37.86,34.95,1.32,1.32,1.33,111.5,111.5,110.5,2.4641,2.2028,1.5929,1136.7,1255.09,997.37,40.43333333,36.8675,2.367826487,1.32,1.324166667,0.005149287,115.1666667,112.5875,3.433268056,2.3849,2.050916667,0.258773143,1095.843333,1281.949167,242.2619647
1/8/1968,1968,8,3,2,1,1,1056.45,1.32,39.19,122.5,2.1946,40.18,39.46,40.7,34.95,1.32,1.32,1.33,122.5,111.5,110.5,2.3138,2.3768,1.7498,1054.25,1096.58,1044.55,39.93,37.22083333,2.372028125,1.32,1.323333333,0.00492366,118.8333333,113.5875,4.38551982,2.324166667,2.087983333,0.243102174,1082.466667,1282.940833,241.2239932
1/9/1968,1968,9,3,2,1,1,1110.03,1.32,40.18,122.5,2.2085,39.21,39.19,41.14,34.95,1.32,1.32,1.33,122.5,111.5,110.5,2.1946,2.4641,1.6795,1056.45,1136.7,1060.2,39.61,37.65666667,2.397200387,1.32,1.3225,0.00452267,122.5,114.5875,4.949385866,2.238966667,2.132066667,0.207677829,1073.576667,1287.093333,237.4403126
1/10/1968,1968,10,4,2,1,1,1079.82,1.32,39.21,122.5,1.9728,39.78,40.18,39.46,34.95,1.32,1.32,1.33,122.5,122.5,110.5,2.2085,2.3138,1.7859,1110.03,1054.25,1138.47,39.52666667,38.01166667,2.272098883,1.32,1.321666667,0.003892495,122.5,115.5875,5.251498704,2.1253,2.147641667,0.185142311,1082.1,1282.205833,241.3491642
1/11/1968,1968,11,4,2,1,1,1099.88,1.32,39.78,122.5,2.0178,41.08,39.21,39.19,34.95,1.32,1.32,1.33,122.5,122.5,110.5,1.9728,2.1946,1.9532,1079.82,1056.45,1443.81,39.72333333,38.41416667,2.101858305,1.32,1.320833333,0.002886751,122.5,116.5875,5.336500598,2.066366667,2.153025,0.179837796,1096.576667,1253.545,240.8343626
1/12/1968,1968,12,4,2,1,1,1184.98,1.32,41.08,122.5,1.9593,42.3,39.78,40.18,34.95,1.32,1.32,1.33,122.5,122.5,115.05,2.0178,2.2085,2.06,1099.88,1110.03,1324.09,40.02333333,38.925,1.920480527,1.32,1.32,0,122.5,117.2083333,5.569634937,1.9833,2.144633333,0.186788321,1121.56,1241.9525,240.4777483
1/1/1969,1969,1,1,2,2,1,1255.53,1.27,42.3,122.5,1.9789,42.6,41.08,39.21,35.5,1.32,1.32,1.32,122.5,122.5,114,1.9593,1.9728,1.9899,1184.98,1079.82,1408.75,41.05333333,39.49166667,1.818525043,1.303333333,1.315833333,0.014433757,122.5,117.9166667,5.664215156,1.985333333,2.143716667,0.187641752,1180.13,1229.184167,234.8174533
1/2/1969,1969,2,1,2,2,1,1285.29,1.27,42.6,122.5,1.8397,43.16,42.3,39.78,36,1.27,1.32,1.32,122.5,122.5,111.5,1.9789,2.0178,1.8547,1255.53,1099.88,1719.82,41.99333333,40.04166667,1.65741767,1.286666667,1.311666667,0.019462474,122.5,118.8333333,5.416025603,1.925966667,2.142466667,0.189779884,1241.933333,1192.973333,179.1954876
1/3/1969,1969,3,1,2,1,1,1278.46,1.27,43.16,122.5,1.8257,43.31,42.6,41.08,37,1.27,1.32,1.32,122.5,122.5,111.5,1.8397,1.9593,2.1805,1285.29,1184.98,1701.08,42.68666667,40.555,1.581929202,1.27,1.3075,0.022613351,122.5,119.75,4.974937186,1.881433333,2.1129,0.209888451,1273.093333,1157.755,89.17442759
1/4/1969,1969,4,2,2,1,1,1388.03,1.27,43.31,122.5,1.7781,43.46,43.16,42.3,37.86,1.27,1.27,1.32,122.5,122.5,111.5,1.8257,1.9789,2.2028,1278.46,1255.53,1255.09,43.02333333,41.00916667,1.518949747,1.27,1.303333333,0.024618298,122.5,120.6666667,4.281744193,1.8145,2.077508333,0.228346421,1317.26,1168.833333,108.5242259
1/5/1969,1969,5,2,2,1,1,1392.44,1.27,43.46,122.5,1.761,41.44,43.31,42.6,40.7,1.27,1.27,1.32,122.5,122.5,111.5,1.7781,1.8397,2.3768,1388.03,1285.29,1096.58,43.31,41.23916667,1.669389972,1.27,1.299166667,0.025746433,122.5,121.5833333,3.175426481,1.788266667,2.026191667,0.224127437,1352.976667,1193.488333,123.2283736
1/6/1969,1969,6,2,2,1,1,1483.04,1.27,41.44,122.5,1.6455,41.76,43.46,43.16,41.14,1.27,1.27,1.32,122.5,122.5,111.5,1.761,1.8257,2.4641,1392.44,1278.46,1136.7,42.73666667,41.26416667,1.670016104,1.27,1.295,0.026111648,122.5,122.5,0,1.7282,1.957975,0.202233992,1421.17,1222.35,146.9869678
1/7/1969,1969,7,3,2,1,1,1453.95,1.27,41.76,122.5,1.6183,41.09,41.44,43.31,39.46,1.27,1.27,1.32,122.5,122.5,122.5,1.6455,1.7781,2.3138,1483.04,1388.03,1054.25,42.22,41.45583333,1.573314153,1.27,1.290833333,0.025746433,122.5,122.5,0,1.674933333,1.900016667,0.190296925,1443.143333,1255.658333,150.6725724
1/8/1969,1969,8,3,2,1,1,1606.73,1.27,41.09,122.5,1.6526,40.87,41.76,43.46,39.19,1.27,1.27,1.32,122.5,122.5,122.5,1.6183,1.761,2.1946,1453.95,1392.44,1056.45,41.43,41.61416667,1.411881133,1.27,1.286666667,0.024618298,122.5,122.5,0,1.6388,1.85485,0.177942138,1514.573333,1301.515,167.3477092
1/9/1969,1969,9,3,2,1,1,1578.95,1.27,40.87,122.5,1.7855,40.44,41.09,41.44,40.18,1.27,1.27,1.32,122.5,122.5,122.5,1.6526,1.6455,2.2085,1606.73,1483.04,1110.03,41.24,41.67166667,1.361308417,1.27,1.2825,0.022613351,122.5,122.5,0,1.685466667,1.8196,0.139195023,1546.543333,1340.591667,173.2149629
1/10/1969,1969,10,4,2,2,1,1554.48,1.27,40.44,122.75,1.8725,37.4,40.87,41.76,39.21,1.27,1.27,1.32,122.5,122.5,122.5,1.7855,1.6183,1.9728,1578.95,1453.95,1079.82,40.8,41.77416667,1.195289682,1.27,1.278333333,0.019462474,122.5833333,122.5208333,0.072168784,1.7702,1.811241667,0.131984031,1580.053333,1380.146667,162.0911185
1/11/1969,1969,11,4,2,1,1,1631.42,1.27,37.4,132.5,1.9231,35.17,40.44,41.09,39.78,1.27,1.27,1.32,122.75,122.5,122.5,1.8725,1.6526,2.0178,1554.48,1606.73,1099.88,39.57,41.57583333,1.662432272,1.27,1.274166667,0.014433757,125.9166667,123.3541667,2.8810871,1.860366667,1.80335,0.120874176,1588.283333,1424.441667,150.7716989
1/12/1969,1969,12,4,2,1,1,1699.76,1.27,35.17,132.5,1.8071,34.94,37.4,40.87,41.08,1.27,1.27,1.32,132.5,122.5,122.5,1.9231,1.7855,1.9593,1631.42,1578.95,1184.98,37.67,41.08333333,2.491415565,1.27,1.27,0,129.25,124.1875,3.883421933,1.867566667,1.790666667,0.110568566,1628.553333,1467.34,149.6748743
1/1/1970,1970,1,1,2,1,2,1626.3,1.21,34.94,132.5,1.8765,34.99,35.17,40.44,42.3,1.27,1.27,1.27,132.5,122.75,122.5,1.8071,1.8725,1.9789,1699.76,1554.48,1255.53,35.83666667,40.47,3.015487297,1.25,1.265,0.017320508,132.5,125.0208333,4.510667071,1.8689,1.782133333,0.097952329,1652.493333,1498.2375,139.9276395
1/2/1970,1970,2,1,2,1,2,1657.2,1.21,34.99,132.5,1.8958,35.09,34.94,37.4,42.6,1.21,1.27,1.27,132.5,132.5,122.5,1.8765,1.9231,1.8397,1626.3,1631.42,1285.29,35.03333333,39.83583333,3.312404944,1.23,1.26,0.023354968,132.5,125.8541667,4.908779627,1.8598,1.786808333,0.10219641,1661.086667,1529.23,129.2542263
1/3/1970,1970,3,1,2,1,2,1754,1.21,35.09,132.5,1.8885,35.62,34.99,35.17,43.16,1.21,1.27,1.27,132.5,132.5,122.5,1.8958,1.8071,1.8257,1657.2,1699.76,1278.46,35.00666667,39.16333333,3.394354493,1.21,1.255,0.027136021,132.5,126.6875,5.131370763,1.886933333,1.792041667,0.105909545,1679.166667,1568.858333,117.7687671
1/4/1970,1970,4,2,2,2,2,1741.6,1.21,35.62,132.5,1.8529,35.95,35.09,34.94,43.31,1.21,1.21,1.27,132.5,132.5,122.5,1.8885,1.8765,1.7781,1754,1626.3,1388.03,35.23333333,38.5225,3.26371825,1.21,1.25,0.029541958,132.5,127.5208333,5.201025176,1.879066667,1.798275,0.107207642,1717.6,1598.3225,112.527758
1/5/1970,1970,5,2,2,1,2,1597.9,1.21,35.95,132.5,1.67,35.42,35.62,34.99,43.46,1.21,1.21,1.27,132.5,132.5,122.5,1.8529,1.8958,1.761,1741.6,1657.2,1392.44,35.55333333,37.89666667,2.93426879,1.21,1.245,0.030895719,132.5,128.3541667,5.123983639,1.8038,1.790691667,0.113138382,1697.833333,1615.444167,92.1373562
1/6/1970,1970,6,2,2,1,2,1458,1.21,35.42,132.5,1.6394,35.32,35.95,35.09,41.44,1.21,1.21,1.27,132.5,132.5,122.5,1.67,1.8885,1.6455,1597.9,1754,1483.04,35.66333333,37.395,2.784174433,1.21,1.24,0.031333978,132.5,129.1875,4.893322212,1.720766667,1.790183333,0.11386143,1599.166667,1613.3575,95.62605608
1/7/1970,1970,7,3,2,1,2,1366.6,1.21,35.32,132.5,1.6866,35.38,35.42,35.62,41.76,1.21,1.21,1.27,132.5,132.5,122.5,1.6394,1.8529,1.6183,1458,1741.6,1453.95,35.56333333,36.85833333,2.469158242,1.21,1.235,0.030895719,132.5,130.0208333,4.485403516,1.665333333,1.795875,0.105918306,1474.166667,1606.078333,110.9588155
1/8/1970,1970,8,3,2,1,2,1266.5,1.21,35.38,132.5,1.7977,36.19,35.32,35.95,41.09,1.21,1.21,1.27,132.5,132.5,122.5,1.6866,1.67,1.6526,1366.6,1597.9,1606.73,35.37333333,36.3825,2.102501216,1.21,1.23,0.029541958,132.5,130.8541667,3.84420806,1.7079,1.807966667,0.095881872,1363.7,1577.725833,148.0470118
1/9/1970,1970,9,3,2,1,2,1246.9,1.21,36.19,132.5,1.8016,37.52,35.38,35.42,40.87,1.21,1.21,1.27,132.5,132.5,122.5,1.7977,1.6394,1.7855,1266.5,1458,1578.95,35.63,35.9925,1.557965602,1.21,1.225,0.027136021,132.5,131.6875,2.814582562,1.761966667,1.809308333,0.095651284,1293.333333,1550.055,176.159336
1/10/1970,1970,10,4,2,1,2,1142.4,1.21,37.52,132.5,1.7458,37.44,36.19,35.32,40.44,1.21,1.21,1.27,132.5,132.5,122.75,1.8016,1.6866,1.8725,1246.9,1366.6,1554.48,36.36333333,35.74916667,0.88123321,1.21,1.22,0.023354968,132.5,132.5,0,1.7817,1.79875,0.09503264,1218.6,1515.715,211.7814953
1/11/1970,1970,11,4,2,1,2,1085.3,1.21,37.44,132.5,1.7604,37.44,37.52,35.38,37.4,1.21,1.21,1.27,132.5,132.5,132.5,1.7458,1.7977,1.9231,1142.4,1266.5,1631.42,37.05,35.7525,0.888094231,1.21,1.215,0.017320508,132.5,132.5,0,1.769266667,1.785191667,0.086940465,1158.2,1470.205,241.2808479
1/12/1970,1970,12,4,2,1,2,1045.7,1.21,37.44,132.5,1.6348,37.88,37.44,36.19,35.17,1.21,1.21,1.27,132.5,132.5,132.5,1.7604,1.8016,1.8071,1085.3,1246.9,1699.76,37.46666667,35.94166667,0.988790201,1.21,1.21,0,132.5,132.5,0,1.713666667,1.770833333,0.096676041,1091.133333,1415.7,258.0064094
1/1/1971,1971,1,1,2,1,2,1010,1.64,37.88,129,1.6396,38.74,37.44,37.52,34.94,1.21,1.21,1.21,132.5,132.5,132.5,1.6348,1.7458,1.8765,1045.7,1142.4,1626.3,37.58666667,36.18666667,1.078225253,1.353333333,1.245833333,0.124130308,131.3333333,132.2083333,1.010362971,1.678266667,1.751091667,0.097322692,1047,1364.341667,273.1680084
1/2/1971,1971,2,1,2,1,2,1020.2,1.64,38.74,122.5,1.6003,38.87,37.88,37.44,34.99,1.64,1.21,1.21,129,132.5,132.5,1.6396,1.7604,1.8958,1010,1085.3,1657.2,38.02,36.49916667,1.232288767,1.496666667,1.281666667,0.167377273,128,131.375,2.970498887,1.6249,1.726466667,0.094729139,1025.3,1311.258333,272.9771501
1/3/1971,1971,3,1,2,1,2,1144.1,1.64,38.87,122.5,1.669,39.01,38.74,37.44,35.09,1.64,1.21,1.21,122.5,132.5,132.5,1.6003,1.6348,1.8885,1020.2,1045.7,1754,38.49666667,36.81416667,1.319376287,1.64,1.3175,0.194474817,124.6666667,130.5416667,3.887382464,1.6363,1.708175,0.080759071,1058.1,1260.433333,237.5261376
1/4/1971,1971,4,2,2,1,2,1251.5,1.64,39.01,122.5,1.726,40.52,38.87,37.88,35.62,1.64,1.64,1.21,122.5,129,132.5,1.669,1.6396,1.8529,1144.1,1010,1741.6,38.87333333,37.09666667,1.400852554,1.64,1.353333333,0.211717364,122.5,129.7083333,4.459200567,1.6651,1.6976,0.067266593,1138.6,1219.591667,183.1907275
1/5/1971,1971,5,2,2,1,2,1114.4,1.64,40.52,122.5,1.6667,40.1,39.01,38.74,35.95,1.64,1.64,1.21,122.5,122.5,132.5,1.726,1.6003,1.67,1251.5,1020.2,1597.9,39.46666667,37.4775,1.658318562,1.64,1.389166667,0.22141932,122.5,128.875,4.810617991,1.687233333,1.697325,0.067396306,1170,1179.3,140.652486
1/6/1971,1971,6,2,2,1,2,1074.2,1.64,40.1,122.5,1.6081,40.95,40.52,38.87,35.42,1.64,1.64,1.21,122.5,122.5,132.5,1.6667,1.669,1.6394,1114.4,1144.1,1458,39.87666667,37.8675,1.680617446,1.64,1.425,0.224560176,122.5,128.0416667,4.988433592,1.666933333,1.694716667,0.070381452,1146.7,1147.316667,112.2948459
1/7/1971,1971,7,3,2,1,2,1115.3,1.74,40.95,122.5,1.5808,42.71,40.1,39.01,35.32,1.64,1.64,1.21,122.5,122.5,132.5,1.6081,1.726,1.6866,1074.2,1251.5,1366.6,40.52333333,38.33666667,1.690612225,1.673333333,1.469166667,0.230472177,122.5,127.2083333,5.011161784,1.618533333,1.6859,0.077733437,1101.3,1126.375,88.62007904
1/8/1971,1971,8,3,2,2,2,1097.9,1.74,42.71,122.5,1.5866,42.03,40.95,40.52,35.38,1.74,1.64,1.21,122.5,122.5,132.5,1.5808,1.6667,1.7977,1115.3,1114.4,1266.5,41.25333333,38.9475,1.842592665,1.706666667,1.513333333,0.227049587,122.5,126.375,4.880969539,1.591833333,1.668308333,0.073925644,1095.8,1112.325,76.98623401
1/9/1971,1971,9,3,2,2,2,1056.4,1.74,42.03,122.5,1.4214,42.5,42.71,40.1,36.19,1.74,1.64,1.21,122.5,122.5,132.5,1.5866,1.6081,1.8016,1097.9,1074.2,1246.9,41.89666667,39.43416667,1.819152941,1.74,1.5575,0.213844676,122.5,125.5416667,4.584848234,1.5296,1.636625,0.091087402,1089.866667,1096.45,65.49716857
1/10/1971,1971,10,4,2,1,2,1041.2,1.74,42.5,122.5,1.3358,42.86,42.03,40.95,37.52,1.74,1.74,1.21,122.5,122.5,132.5,1.4214,1.5808,1.7458,1056.4,1115.3,1142.4,42.41333333,39.84916667,1.908619007,1.74,1.601666667,0.188816088,122.5,124.7083333,4.086887754,1.447933333,1.602458333,0.119024149,1065.166667,1088.016667,65.55800809
1/11/1971,1971,11,4,2,1,2,1013.9,1.74,42.86,122.5,1.3199,43.48,42.5,42.71,37.44,1.74,1.74,1.21,122.5,122.5,132.5,1.3358,1.5866,1.7604,1041.2,1097.9,1085.3,42.46333333,40.30083333,1.927883712,1.74,1.645833333,0.146004877,122.5,123.875,3.296864902,1.359033333,1.56575,0.132992772,1037.166667,1082.066667,68.97789281
1/12/1971,1971,12,4,2,2,2,1037.9,1.74,43.48,122.5,1.3935,45.75,42.86,42.03,37.44,1.74,1.74,1.21,122.5,122.5,132.5,1.3199,1.4214,1.6348,1013.9,1056.4,1045.7,42.94666667,40.80416667,1.901355776,1.74,1.69,0.052223297,122.5,123.0416667,1.876388375,1.349733333,1.545641667,0.139677508,1031,1081.416667,69.38727724
1/1/1972,1972,1,1,2,1,2,1078,1.77,45.75,122.5,1.4731,48.26,43.48,42.5,37.88,1.74,1.74,1.64,122.5,122.5,129,1.3935,1.3358,1.6396,1037.9,1041.2,1010,44.03,41.46,2.142975841,1.75,1.700833333,0.054348762,122.5,122.5,0,1.3955,1.531766667,0.137752019,1043.266667,1087.083333,65.70356062
1/2/1972,1972,2,1,2,1,2,1112.4,1.77,48.26,122.5,1.5036,48.33,45.75,42.86,38.74,1.77,1.74,1.64,122.5,122.5,122.5,1.4731,1.3199,1.6003,1078,1013.9,1020.2,45.83,42.25333333,2.727050799,1.76,1.711666667,0.054076265,122.5,122.5,0,1.456733333,1.523708333,0.136198087,1076.1,1094.766667,62.48322442
1/3/1972,1972,3,1,2,1,2,1108.2,1.77,48.33,122.5,1.5364,49.03,48.26,43.48,38.87,1.77,1.74,1.64,122.5,122.5,122.5,1.5036,1.3935,1.669,1112.4,1037.9,1144.1,47.44666667,43.04166667,3.01249167,1.77,1.7225,0.051367659,122.5,122.5,0,1.504366667,1.512658333,0.128500191,1099.533333,1091.775,60.74160062
1/4/1972,1972,4,2,2,1,2,1133,1.77,49.03,122.5,1.572,54.62,48.33,45.75,39.01,1.77,1.77,1.64,122.5,122.5,122.5,1.5364,1.4731,1.726,1108.2,1078,1251.5,48.54,43.87666667,3.177552899,1.77,1.733333333,0.045792682,122.5,122.5,0,1.537333333,1.499825,0.111870754,1117.866667,1081.9,37.6614102
1/5/1972,1972,5,2,2,5,2,1106.4,1.77,54.62,122.5,1.583,62.09,49.03,48.26,40.52,1.77,1.77,1.64,122.5,122.5,122.5,1.572,1.5036,1.6667,1133,1112.4,1114.4,50.66,45.05166667,4.249596416,1.77,1.744166667,0.036045006,122.5,122.5,0,1.5638,1.49285,0.102758645,1115.866667,1081.233333,37.10043698
1/6/1972,1972,6,2,2,5,2,1063.2,1.77,62.09,122.5,1.569,65.66,54.62,48.33,40.1,1.77,1.77,1.64,122.5,122.5,122.5,1.583,1.5364,1.6081,1106.4,1108.2,1074.2,55.24666667,46.88416667,6.209515364,1.77,1.755,0.015666989,122.5,122.5,0,1.574666667,1.489591667,0.099334874,1100.866667,1080.316667,37.42448963
1/7/1972,1972,7,3,2,5,2,1034.6,1.87,65.66,128,1.7358,67.03,62.09,49.03,40.95,1.77,1.77,1.74,122.5,122.5,122.5,1.569,1.572,1.5808,1063.2,1133,1115.3,60.79,48.94333333,7.923351372,1.803333333,1.765833333,0.036045006,124.3333333,122.9583333,1.58771324,1.629266667,1.502508333,0.120166207,1068.066667,1073.591667,37.81532778
1/8/1972,1972,8,3,2,1,2,1046.7,1.87,67.03,132.5,1.8461,65.46,65.66,54.62,42.71,1.87,1.77,1.74,128,122.5,122.5,1.7358,1.583,1.5866,1034.6,1106.4,1097.9,64.92666667,50.97,9.192679894,1.836666667,1.776666667,0.045792682,127.6666667,123.7916667,3.165569986,1.716966667,1.524133333,0.154981297,1048.166667,1069.325,37.71158792
1/9/1972,1972,9,3,2,1,2,1060.6,1.87,65.46,132.5,1.7767,64.86,67.03,62.09,42.03,1.87,1.77,1.74,132.5,122.5,122.5,1.8461,1.569,1.4214,1046.7,1063.2,1056.4,66.05,52.9225,9.60041867,1.87,1.7875,0.051367659,131,124.625,4.000710164,1.7862,1.553741667,0.167040324,1047.3,1069.675,37.60005138
1/10/1972,1972,10,4,2,1,2,917.5,1.87,64.86,132.5,1.8106,62.91,65.46,65.66,42.5,1.87,1.87,1.74,132.5,128,122.5,1.7767,1.7358,1.3358,1060.6,1034.6,1041.2,65.78333333,54.78583333,9.563470707,1.87,1.798333333,0.054076265,132.5,125.4583333,4.524972794,1.811133333,1.593308333,0.166956322,1008.266667,1059.366667,57.7003755
1/11/1972,1972,11,4,2,1,2,1007.1,1.87,62.91,132.5,1.8325,63.91,64.86,67.03,42.86,1.87,1.87,1.74,132.5,132.5,122.5,1.8106,1.8461,1.3199,917.5,1046.7,1013.9,64.41,56.45666667,9.026909602,1.87,1.809166667,0.054348762,132.5,126.2916667,4.840446699,1.8066,1.636025,0.155850314,995.0666667,1058.8,58.21855374
1/12/1972,1972,12,4,2,1,2,1024.4,1.87,63.91,132.5,1.976,65.14,62.91,65.46,43.48,1.87,1.87,1.74,132.5,132.5,122.5,1.8325,1.7767,1.3935,1007.1,1060.6,1037.9,63.89333333,58.15916667,8.250136592,1.87,1.82,0.052223297,132.5,127.125,4.986914696,1.873033333,1.684566667,0.163948891,983,1057.675,58.78679699
1/1/1973,1973,1,1,2,1,2,1119,2.08,65.14,132.5,2.0166,74.2,63.91,64.86,45.75,1.87,1.87,1.77,132.5,132.5,122.5,1.976,1.8106,1.4731,1024.4,917.5,1078,63.98666667,59.775,7.459745913,1.94,1.845833333,0.088979909,132.5,127.9583333,4.979313267,1.9417,1.729858333,0.174924292,1050.166667,1061.091667,61.21670091
1/2/1973,1973,2,1,2,2,2,1243.6,2.08,74.2,141.97,2.2362,84.37,65.14,62.91,48.26,2.08,1.87,1.77,132.5,132.5,122.5,2.0166,1.8325,1.5036,1119,1007.1,1112.4,67.75,61.93666667,7.577104668,2.01,1.871666667,0.107942184,135.6566667,129.5808333,6.087785772,2.076266667,1.790908333,0.21257029,1129,1072.025,80.03670891
1/3/1973,1973,3,1,2,2,2,1509.5,2.08,84.37,152.5,2.3092,90.5,74.2,63.91,48.33,2.08,1.87,1.77,141.97,132.5,122.5,2.2362,1.976,1.5364,1243.6,1024.4,1108.2,74.57,64.94,8.745963225,2.08,1.8975,0.118023495,142.3233333,132.0808333,8.569621248,2.187333333,1.855308333,0.243297582,1290.7,1105.466667,149.884873
1/4/1973,1973,4,2,2,1,2,1588.4,2.35,90.5,152.5,2.2072,101.96,84.37,65.14,49.03,2.08,2.08,1.77,152.5,132.5,122.5,2.3092,2.0166,1.572,1509.5,1119,1133,83.02333333,68.39583333,9.992191004,2.17,1.945833333,0.168871028,148.99,134.5808333,9.807105456,2.250866667,1.908241667,0.245147772,1447.166667,1143.416667,205.0065003
1/5/1973,1973,5,2,2,2,2,1552.2,2.35,101.96,152.5,2.4012,120.12,90.5,74.2,54.62,2.35,2.08,1.77,152.5,141.97,122.5,2.2072,2.2362,1.583,1588.4,1243.6,1106.4,92.27666667,72.34083333,12.96255478,2.26,1.994166667,0.19495726,152.5,137.0808333,10.26079251,2.305866667,1.976425,0.259809354,1550.033333,1180.566667,235.7727
1/6/1973,1973,6,2,2,2,2,1748.7,2.35,120.12,152.5,2.6209,120.17,101.96,84.37,62.09,2.35,2.08,1.77,152.5,152.5,122.5,2.4012,2.3092,1.569,1552.2,1509.5,1063.2,104.1933333,77.17666667,18.45252352,2.35,2.0425,0.205918121,152.5,139.5808333,10.0375318,2.409766667,2.064083333,0.285983947,1629.766667,1237.691667,283.05441
1/7/1973,1973,7,3,2,4,2,2021.2,2.7,120.17,152.5,2.7056,106.76,120.12,90.5,65.66,2.35,2.35,1.87,152.5,152.5,128,2.6209,2.2072,1.7358,1748.7,1588.4,1034.6,114.0833333,81.71916667,21.77077543,2.466666667,2.111666667,0.27162251,152.5,141.6225,9.959193218,2.5759,2.1449,0.319808562,1774.033333,1319.908333,353.275827
1/8/1973,1973,8,3,2,3,2,2123,2.7,106.76,152.5,2.6365,102.97,120.17,101.96,67.03,2.7,2.35,1.87,152.5,152.5,132.5,2.7056,2.4012,1.8461,2021.2,1552.2,1046.7,115.6833333,85.03,22.34718937,2.583333333,2.180833333,0.30776196,152.5,143.2891667,9.967253163,2.654333333,2.210766667,0.333763769,1964.3,1409.6,409.7249854
1/9/1973,1973,9,3,2,3,2,1936.1,2.7,102.97,155.24,2.6751,100.08,106.76,120.12,65.46,2.7,2.35,1.87,152.5,152.5,132.5,2.6365,2.6209,1.7767,2123,1748.7,1060.6,109.9666667,88.15583333,21.98134393,2.7,2.25,0.324373522,153.4133333,145.1841667,9.890911768,2.6724,2.285633333,0.328261557,2026.766667,1482.558333,419.7560362
1/10/1973,1973,10,4,2,2,2,2065.3,4.1,100.08,160.5,2.8856,94.92,102.97,120.17,64.86,2.7,2.7,1.87,155.24,152.5,132.5,2.6751,2.7056,1.8106,1936.1,2021.2,917.5,103.27,91.09083333,20.9134439,3.166666667,2.435833333,0.604610443,156.08,147.5175,9.92922603,2.7324,2.375216667,0.333482097,2041.466667,1578.208333,409.9508052
1/11/1973,1973,11,4,2,2,2,2273,4.1,94.92,160.5,2.8599,106.72,100.08,106.76,62.91,4.1,2.7,1.87,160.5,152.5,132.5,2.8856,2.6365,1.8325,2065.3,2123,1007.1,99.32333333,93.75833333,18.94060085,3.633333333,2.621666667,0.741985461,158.7466667,149.8508333,9.352547012,2.806866667,2.460833333,0.312719361,2091.466667,1683.7,412.4962942
1/12/1973,1973,12,4,2,3,2,2244.3,4.1,106.72,160.5,3.1367,129.19,94.92,102.97,63.91,4.1,2.7,1.87,160.5,155.24,132.5,2.8599,2.6751,1.976,2273,1936.1,1024.4,100.5733333,97.32583333,16.70755706,4.1,2.8075,0.812517133,160.5,152.1841667,8.029442931,2.960733333,2.557558333,0.328244791,2194.2,1785.358333,384.6211819
1/1/1974,1974,1,1,2,3,2,2032.4,13,129.19,162.68,3.63695,150.13,106.72,100.08,65.14,4.1,4.1,2.08,160.5,160.5,132.5,3.1367,2.8856,2.0166,2244.3,2065.3,1119,110.2766667,102.6633333,15.69046458,7.066666667,3.7175,3.025386902,161.2266667,154.6991667,5.688783954,3.211183333,2.6925875,0.408861725,2183.233333,1861.475,326.7942336
1/2/1974,1974,2,1,2,2,2,2291.7,13,150.13,172.5,5.35895,168.42,129.19,94.92,74.2,13,4.1,2.08,162.68,160.5,141.97,3.63695,2.8599,2.2362,2032.4,2273,1243.6,128.68,108.9908333,18.26714261,10.03333333,4.6275,3.979822118,165.2266667,157.2433333,6.275127428,4.0442,2.952816667,0.8489253,2189.466667,1948.816667,283.8886492
1/3/1974,1974,3,1,2,4,2,2743.4,13,168.42,172.5,5.32552,172.24,150.13,106.72,84.37,13,4.1,2.08,172.5,160.5,152.5,5.35895,3.1367,2.3092,2291.7,2244.3,1509.5,149.2466667,115.995,23.36958727,13,5.5375,4.551729192,169.2266667,158.91,7.447286266,4.773806667,3.204176667,1.061076311,2355.833333,2051.641667,330.0149018
1/4/1974,1974,4,2,2,4,2,3031.8,10.59999847,172.24,172.5,5.03595,163.27,168.42,129.19,90.5,13,13,2.35,172.5,162.68,152.5,5.32552,3.63695,2.2072,2743.4,2032.4,1588.4,163.5966667,122.8066667,26.90764181,12.19999949,6.224999873,4.648533363,172.5,160.5766667,8.092361531,5.24014,3.439905833,1.13134371,2688.966667,2171.925,401.192398
1/5/1974,1974,5,2,2,2,2,2875.7,10.59999847,163.27,174.55,5.43182,154.1,172.24,150.13,101.96,10.59999847,13,2.35,172.5,172.5,152.5,5.03595,5.35895,2.4012,3031.8,2291.7,1552.2,167.9766667,127.9158333,28.37041976,11.39999898,6.912499746,4.633382845,173.1833333,162.4141667,8.58039039,5.26443,3.6924575,1.213662699,2883.633333,2282.216667,397.2379521
1/6/1974,1974,6,2,2,3,2,2440,10.59999847,154.1,195,4.8961,142.98,163.27,168.42,120.12,10.59999847,13,2.35,174.55,172.5,152.5,5.43182,5.32552,2.6209,2875.7,2743.4,1748.7,163.2033333,130.7475,29.20507961,10.59999847,7.599999619,4.505148293,180.6833333,165.9558333,12.14637653,5.12129,3.8820575,1.208751816,2782.5,2339.825,361.3370125
1/7/1974,1974,7,3,2,1,2,1919.1,10,142.98,195,4.41545,154.64,154.1,172.24,120.17,10.59999847,10.59999847,2.7,195,172.5,152.5,4.8961,5.03595,2.7056,2440,3031.8,2021.2,153.45,132.6483333,29.1963509,10.39999898,8.208332952,4.270077121,188.1833333,169.4975,13.93120247,4.914456667,4.024545,1.157140423,2411.6,2331.316667,370.6048786
1/8/1974,1974,8,3,2,4,2,1802.9,10,154.64,195,4.43136,151.75,142.98,163.27,106.76,10,10.59999847,2.7,195,174.55,152.5,4.41545,5.43182,2.6365,1919.1,2875.7,2123,150.5733333,136.6383333,28.60241943,10.19999949,8.816666285,3.919608635,195,173.0391667,14.60325023,4.58097,4.174116667,1.07445897,2054,2304.641667,397.5055642
1/9/1974,1974,9,3,2,3,2,1460.5,10,151.75,195,4.04875,158.78,154.64,154.1,102.97,10,10.59999847,2.7,195,195,155.24,4.43136,4.8961,2.6751,1802.9,2440,1936.1,149.79,140.7033333,26.79144617,10,9.424999619,3.418432512,195,176.3525,14.70786377,4.29852,4.2885875,0.968152215,1727.5,2265.008333,456.8687885
1/10/1974,1974,10,4,2,1,2,1398.8,10.29999924,158.78,195,4.82977,181.66,151.75,142.98,100.08,10,10,4.1,195,195,160.5,4.04875,4.41545,2.8856,1460.5,1919.1,2065.3,155.0566667,145.595,23.90315175,10.09999975,9.941666222,2.980987635,195,179.2275,14.69933154,4.436626667,4.450601667,0.869693118,1554.066667,2209.466667,519.5658088
1/11/1974,1974,11,4,2,1,2,1416.7,10.29999924,181.66,195,4.69389,183.78,158.78,154.64,94.92,10.29999924,10,4.1,195,195,160.5,4.82977,4.43136,2.8599,1398.8,1802.9,2273,164.0633333,152.8233333,19.97887581,10.19999949,10.45833282,2.346160613,195,182.1025,14.06361787,4.524136667,4.603434167,0.711502346,1425.333333,2138.108333,566.7108682
1/12/1974,1974,12,4,2,2,2,1289,10.29999924,183.78,195,4.39125,176.27,181.66,151.75,106.72,10.29999924,10,4.1,195,195,160.5,4.69389,4.04875,3.1367,1416.7,1460.5,2244.3,174.74,159.245,15.74990476,10.29999924,10.97499943,1.241059171,195,184.9775,12.70693735,4.638303333,4.70798,0.550301281,1368.166667,2058.5,615.4401042
1/1/1975,1975,1,1,2,2,2,1211.2,10.42000008,176.27,195,4.1925,179.6,183.78,158.78,129.19,10.29999924,10.29999924,13,195,195,162.68,4.39125,4.82977,3.63695,1289,1398.8,2032.4,180.57,163.1683333,13.24761236,10.33999952,10.75999943,1.070055373,195,187.6708333,10.83912229,4.42588,4.754275833,0.469433045,1305.633333,1990.066667,662.4658047
1/2/1975,1975,2,1,2,2,2,1266.5,10.42000008,179.6,180.53,4.37,178.16,176.27,181.66,150.13,10.42000008,10.29999924,13,195,195,172.5,4.1925,4.69389,5.35895,1211.2,1416.7,2291.7,179.8833333,165.6241667,13.34207184,10.3799998,10.54499944,0.805577183,190.1766667,188.34,10.03546529,4.317916667,4.671863333,0.439480731,1255.566667,1904.633333,685.7278924
1/3/1975,1975,3,1,2,1,2,1344.2,10.42000008,178.16,175,4.3315,169.84,179.6,183.78,168.42,10.42000008,10.29999924,13,180.53,195,172.5,4.37,4.39125,5.32552,1266.5,1289,2743.4,178.01,166.4358333,13.815487,10.42000008,10.32999945,0.228114347,183.51,188.5483333,9.696978755,4.298,4.589028333,0.396669883,1273.966667,1788.033333,648.0642117
1/4/1975,1975,4,2,2,3,2,1329.2,10.42000008,169.84,163.06,4.20918,167.39,178.16,176.27,172.24,10.42000008,10.42000008,10.59999847,175,195,172.5,4.3315,4.1925,5.03595,1344.2,1211.2,3031.8,175.8666667,166.2358333,13.74099537,10.42000008,10.31499958,0.214242512,172.8633333,187.7616667,11.35791821,4.30356,4.520130833,0.383571773,1313.3,1646.15,525.8639117
1/5/1975,1975,5,2,2,1,2,1253.8,10.42000008,167.39,160,4.5381,164.24,169.84,179.6,163.27,10.42000008,10.42000008,10.59999847,163.06,180.53,174.55,4.20918,4.37,5.43182,1329.2,1266.5,2875.7,171.7966667,166.5791667,13.71159394,10.42000008,10.29999971,0.198173289,166.02,186.5491667,13.47572056,4.359593333,4.445654167,0.25601577,1309.066667,1510.991667,364.9151096
1/6/1975,1975,6,2,2,1,2,1193,10.42000008,164.24,160,4.48914,165.17,167.39,178.16,154.1,10.42000008,10.42000008,10.59999847,160,175,195,4.5381,4.3315,4.8961,1253.8,1344.2,2440,167.1566667,167.4241667,13.1745612,10.42000008,10.28499985,0.1793169,161.02,183.6325,15.16246509,4.41214,4.411740833,0.214512771,1258.666667,1407.075,228.2884026
1/7/1975,1975,7,3,2,3,2,1222.4,10.43000031,165.17,162.73,4.70455,163,164.24,169.84,142.98,10.42000008,10.42000008,10,160,163.06,195,4.48914,4.20918,4.41545,1193,1329.2,1919.1,165.6,169.2733333,10.76944612,10.42333349,10.32083321,0.159000263,160.91,180.9433333,15.81086757,4.577263333,4.4358325,0.230598346,1223.066667,1349.016667,166.4488883
1/8/1975,1975,8,3,2,3,2,1277.1,10.43000031,163,175,4.9251,144.17,165.17,167.39,154.64,10.43000031,10.42000008,10,162.73,160,195,4.70455,4.5381,4.43136,1222.4,1253.8,1802.9,164.1366667,169.97,9.978097833,10.4266669,10.35666656,0.124924368,165.91,179.2766667,15.2381664,4.706263333,4.4769775,0.270349827,1230.833333,1305.2,85.74840576
1/9/1975,1975,9,3,2,3,2,1210.1,10.43000031,144.17,175,4.51595,142.79,163,164.24,151.75,10.43000031,10.42000008,10,175,160,195,4.9251,4.48914,4.04875,1277.1,1193,1460.5,157.4466667,169.3383333,11.37809046,10.43000031,10.39249992,0.055942761,170.91,177.61,14.4346559,4.7152,4.515910833,0.234313258,1236.533333,1284.333333,74.21197322
1/10/1975,1975,10,4,2,3,2,1178.8,10.46000004,142.79,172.17,4.32886,142.42,144.17,165.17,158.78,10.43000031,10.43000031,10.29999924,175,162.73,195,4.51595,4.70455,4.82977,1210.1,1222.4,1398.8,149.9866667,168.0058333,13.47084155,10.44000022,10.40583332,0.050714935,174.0566667,175.7075,13.40183035,4.58997,4.474168333,0.217318562,1222,1266,70.44205872
1/11/1975,1975,11,4,2,1,2,1179.7,10.46000004,142.42,160,4.33244,139.3,142.79,163,181.66,10.46000004,10.43000031,10.29999924,172.17,175,195,4.32886,4.9251,4.69389,1178.8,1277.1,1416.7,143.1266667,164.7358333,14.57264901,10.45000013,10.41916672,0.040330313,169.0566667,172.7908333,12.60642438,4.392416667,4.4440475,0.208985225,1189.533333,1246.25,56.11625109
1/12/1975,1975,12,4,2,2,2,1151,10.46000004,139.3,160,4.08486,131.05,142.42,144.17,183.78,10.46000004,10.43000031,10.29999924,160,175,195,4.33244,4.51595,4.39125,1179.7,1210.1,1289,141.5033333,161.0291667,14.94052418,10.46000004,10.43250012,0.017122527,164.0566667,169.8741667,10.93957076,4.24872,4.418515,0.23332152,1169.833333,1234.75,60.52600493
1/1/1976,1976,1,1,2,2,2,1193,11.51000023,131.05,160,4.06265,131.06,139.3,142.79,176.27,10.46000004,10.46000004,10.42000008,160,172.17,195,4.08486,4.32886,4.1925,1151,1178.8,1211.2,137.59,157.2608333,16.38035212,10.8100001,10.52333347,0.311165968,160,166.9575,7.865486317,4.159983333,4.407694167,0.247345963,1174.566667,1233.233333,61.39160934
1/2/1976,1976,2,1,2,1,2,1219,11.51000023,131.06,160,4.08642,132.76,131.05,142.42,179.6,11.51000023,10.46000004,10.42000008,160,160,180.53,4.06265,4.33244,4.37,1193,1179.7,1266.5,133.8033333,153.2158333,16.35563926,11.16000017,10.61416682,0.418752693,160,165.2466667,6.806382477,4.077976667,4.3840625,0.264244214,1187.666667,1229.275,60.5776155
1/3/1976,1976,3,1,2,3,2,1329,11.51000023,132.76,160,4.18913,127.94,131.06,139.3,178.16,11.51000023,10.46000004,10.42000008,160,160,175,4.08642,4.08486,4.3315,1219,1151,1344.2,131.6233333,149.4325,15.27637101,11.51000023,10.70500016,0.485676699,160,163.9966667,6.202970452,4.112733333,4.372198333,0.269953163,1247,1228.008333,58.06281016
1/4/1976,1976,4,2,2,1,2,1510,11.51000023,127.94,160,4.35552,126.92,132.76,131.05,169.84,11.51000023,11.51000023,10.42000008,160,160,163.06,4.18913,4.06265,4.20918,1329,1193,1329.2,130.5866667,145.9408333,14.97331958,11.51000023,10.79583351,0.527644174,160,163.7416667,6.307001641,4.210356667,4.384393333,0.265182679,1352.666667,1243.075,97.06590193
1/5/1976,1976,5,2,2,1,2,1512,11.51000023,126.92,160,4.48845,125.71,127.94,131.06,167.39,11.51000023,11.51000023,10.42000008,160,160,160,4.35552,4.08642,4.5381,1510,1219,1253.8,129.2066667,142.5683333,14.24284052,11.51000023,10.88666685,0.550393833,160,163.7416667,6.307001641,4.344366667,4.380255833,0.262944344,1450.333333,1264.591667,124.4221952
1/6/1976,1976,6,2,2,3,2,1550,11.51000023,125.71,163.54,4.81173,117.73,126.92,132.76,164.24,11.51000023,11.51000023,10.42000008,160,160,160,4.48845,4.18913,4.48914,1512,1329,1193,126.8566667,139.3575,13.21938117,11.51000023,10.9775002,0.556288459,161.18,164.0366667,6.197926828,4.5519,4.407138333,0.290169101,1524,1294.341667,146.4741706
1/7/1976,1976,7,3,2,4,2,1647,11.60000038,117.73,171.12,4.7606,109.93,125.71,127.94,165.17,11.51000023,11.51000023,10.43000031,163.54,160,162.73,4.81173,4.35552,4.70455,1550,1510,1222.4,123.4533333,135.4041667,11.81751355,11.54000028,11.07500021,0.554133285,164.8866667,164.7358333,6.502848968,4.686926667,4.411809167,0.295788443,1569.666667,1329.725,175.8537725
1/8/1976,1976,8,3,2,2,2,1539,11.60000038,109.93,156.15,4.2766,114.15,117.73,126.92,163,11.60000038,11.51000023,10.43000031,171.12,160,175,4.7606,4.48845,4.9251,1647,1512,1277.1,117.79,130.9816667,10.39620108,11.57000033,11.17250021,0.532850479,163.6033333,163.165,6.059633202,4.61631,4.3577675,0.249028448,1578.666667,1351.55,184.7555412
1/9/1976,1976,9,3,2,4,2,1459,11.60000038,114.15,158.24,4.3035,116.15,109.93,125.71,144.17,11.60000038,11.51000023,10.43000031,156.15,163.54,175,4.2766,4.81173,4.51595,1539,1550,1210.1,113.9366667,128.48,10.54498502,11.60000038,11.27000022,0.48995373,161.8366667,161.7683333,4.905386341,4.4469,4.340063333,0.24426678,1548.333333,1372.291667,181.3724218
1/10/1976,1976,10,4,2,3,2,1285,11.89999962,116.15,157.9,4.2195,130.46,114.15,117.73,142.79,11.60000038,11.60000038,10.46000004,158.24,171.12,172.17,4.3035,4.7606,4.32886,1459,1647,1178.8,113.41,126.26,10.05112296,11.70000013,11.39000018,0.448086871,157.43,160.5791667,3.747616111,4.266533333,4.33095,0.246750191,1427.666667,1381.141667,173.4925854
1/11/1976,1976,11,4,2,1,2,1279,11.89999962,130.46,156.83,4.3533,133.93,116.15,109.93,142.42,11.89999962,11.60000038,10.46000004,157.9,156.15,160,4.2195,4.2766,4.33244,1285,1539,1179.7,120.2533333,125.2633333,8.820688835,11.79999987,11.51000015,0.360681115,157.6566667,160.315,3.900749345,4.2921,4.332688333,0.246835106,1341,1389.416667,165.1800441
1/12/1976,1976,12,4,2,2,2,1287,11.89999962,133.93,151.99,4.3601,132.26,130.46,114.15,139.3,11.89999962,11.60000038,10.46000004,156.83,158.24,160,4.3533,4.3035,4.08486,1279,1459,1151,126.8466667,124.8158333,8.154920944,11.89999962,11.63000011,0.167277392,155.5733333,159.6475,4.5848964,4.310966667,4.355625,0.234176059,1283.666667,1400.75,151.4278256
1/1/1977,1977,1,1,2,4,2,1396,12.5,132.26,154.55,4.4192,136.24,133.93,116.15,131.05,11.89999962,11.89999962,11.51000023,151.99,157.9,160,4.3601,4.2195,4.06265,1287,1285,1193,132.2166667,124.9166667,8.245984514,12.09999975,11.7125001,0.296743515,154.4566667,159.1933333,4.811152448,4.377533333,4.3853375,0.215498604,1320.666667,1417.666667,136.7355333
1/2/1977,1977,2,1,2,2,2,1426,12.5,136.24,161.27,4.5325,148.23,132.26,130.46,131.06,12.5,11.89999962,11.51000023,154.55,156.83,160,4.4192,4.3533,4.08642,1396,1279,1219,134.1433333,125.3483333,8.718841492,12.29999987,11.79500008,0.365077674,155.9366667,159.2991667,4.844364032,4.437266667,4.422510833,0.196921531,1369.666667,1434.916667,121.615234
1/3/1977,1977,3,1,2,1,2,1515,12.5,148.23,162.99,4.8653,149.17,136.24,133.93,132.76,12.5,11.89999962,11.51000023,161.27,151.99,160,4.5325,4.3601,4.18913,1426,1287,1329,138.91,126.6375,10.80780284,12.5,11.87750006,0.404545065,159.6033333,159.5483333,4.959220674,4.605666667,4.478858333,0.21951478,1445.666667,1450.416667,118.7070177
1/4/1977,1977,4,2,2,1,2,1429,12.44999981,149.17,160.74,4.79,146.61,148.23,132.26,127.94,12.5,12.5,11.51000023,162.99,154.55,160,4.8653,4.4192,4.35552,1515,1396,1510,144.5466667,128.4066667,12.62519943,12.48333327,11.95583336,0.417709162,161.6666667,159.61,4.969936894,4.729266667,4.515065,0.232754229,1456.666667,1443.666667,117.3056097
1/5/1977,1977,5,2,2,1,2,1371,12.44999981,146.61,156.55,4.6998,140.78,149.17,136.24,126.92,12.44999981,12.5,11.51000023,160.74,161.27,160,4.79,4.5325,4.48845,1429,1426,1512,148.0033333,130.0475,13.65215742,12.46666654,12.03416665,0.414629125,160.0933333,159.3225,5.044552643,4.785033333,4.5326775,0.238483105,1438.333333,1431.916667,116.8996915
1/6/1977,1977,6,2,2,2,2,1312,12.44999981,140.78,150.36,4.4815,143.39,146.61,148.23,125.71,12.44999981,12.5,11.51000023,156.55,162.99,163.54,4.6998,4.8653,4.81173,1371,1515,1550,145.52,131.3033333,13.90762599,12.44999981,12.11249995,0.394925071,155.8833333,158.2241667,5.460483592,4.6571,4.505158333,0.221826568,1370.666667,1412.083333,115.2218874
1/7/1977,1977,7,3,2,4,2,1248,12.63000011,143.39,149.57,4.5323,144.94,140.78,149.17,117.73,12.44999981,12.44999981,11.60000038,150.36,160.74,171.12,4.4815,4.79,4.7606,1312,1429,1647,143.5933333,133.4416667,13.6002178,12.50999991,12.19833326,0.385223223,152.16,156.4283333,4.241328765,4.5712,4.486133333,0.207237261,1310.333333,1378.833333,97.47151876
1/8/1977,1977,8,3,2,2,2,1160,12.63000011,144.94,148.86,4.4732,149.53,143.39,146.61,109.93,12.63000011,12.44999981,11.60000038,149.57,156.55,156.15,4.5323,4.6998,4.2766,1248,1371,1539,143.0366667,136.3591667,11.72370052,12.57000001,12.28416657,0.353205064,149.5966667,155.8208333,4.773516825,4.495666667,4.502516667,0.196668202,1240,1347.25,102.1461742
1/9/1977,1977,9,3,2,1,2,1195,12.63000011,149.53,150.33,4.538,158.95,144.94,140.78,114.15,12.63000011,12.44999981,11.60000038,148.86,150.36,158.24,4.4732,4.4815,4.3035,1160,1312,1459,145.9533333,139.3075,9.944429345,12.63000011,12.36999989,0.291610132,149.5866667,155.1616667,4.951895566,4.5145,4.522058333,0.186482051,1201,1325.25,104.2968883
1/10/1977,1977,10,4,2,2,2,1210,12.68000031,158.95,157.62,4.7586,162.1,149.53,143.39,116.15,12.63000011,12.63000011,11.89999962,150.33,149.57,157.9,4.538,4.5323,4.2195,1195,1248,1285,151.14,142.8741667,8.446156155,12.64666684,12.43499994,0.26283439,152.27,155.1383333,4.938460992,4.589933333,4.566983333,0.171284574,1188.333333,1319,109.0662851
1/11/1977,1977,11,4,2,2,2,1182,12.68000031,162.1,169.67,4.8258,160.45,158.95,144.94,130.46,12.68000031,12.63000011,11.89999962,157.62,148.86,156.83,4.7586,4.4732,4.3533,1210,1160,1279,156.86,145.5108333,9.129423419,12.66333357,12.5,0.20954514,159.2066667,156.2083333,6.486637781,4.707466667,4.606358333,0.172005092,1195.666667,1310.916667,115.693528
1/12/1977,1977,12,4,2,2,2,1261,12.68000031,160.45,177.35,4.7168,173.18,162.1,149.53,133.93,12.68000031,12.63000011,11.89999962,169.67,150.33,151.99,4.8258,4.538,4.3601,1182,1195,1287,160.5,147.7208333,9.27981138,12.68000031,12.56500006,0.09756135,168.2133333,158.3216667,8.730421039,4.767066667,4.636083333,0.15562033,1217.666667,1308.75,116.4233068
1/1/1978,1978,1,1,2,2,2,1261,12.65999985,173.18,201.73,4.9238,178.14,160.45,158.95,132.26,12.68000031,12.68000031,12.5,177.35,157.62,154.55,4.7168,4.7586,4.4192,1261,1210,1396,165.2433333,151.1308333,10.51777064,12.67333349,12.57833338,0.098795938,182.9166667,162.2533333,15.14471005,4.822133333,4.678133333,0.159806311,1234.666667,1297.5,113.7169532
1/2/1978,1978,2,1,2,1,2,1217,12.65999985,178.14,224.41,4.9607,183.61,173.18,162.1,136.24,12.65999985,12.68000031,12.5,201.73,169.67,161.27,4.9238,4.8258,4.5325,1261,1182,1426,170.59,154.6225,11.97844968,12.66666667,12.5916667,0.098057022,201.1633333,167.515,23.45837183,4.8671,4.713816667,0.171695787,1246.333333,1280.083333,108.113962
1/3/1978,1978,3,1,2,3,2,1254,12.65999985,183.61,226.78,5.2731,175.28,178.14,160.45,148.23,12.65999985,12.68000031,12.5,224.41,177.35,162.99,4.9607,4.7168,4.8653,1217,1261,1515,178.31,157.5708333,14.37616364,12.65999985,12.60500002,0.095298708,217.64,172.8308333,28.9294045,5.052533333,4.7478,0.233601471,1244,1258.333333,78.85122162
1/4/1978,1978,4,2,2,3,2,1285,12.68000031,175.28,214.09,5.1672,176.31,183.61,173.18,149.17,12.65999985,12.65999985,12.44999981,226.78,201.73,160.74,5.2731,4.9238,4.79,1254,1261,1429,179.01,159.7466667,14.95339568,12.66666667,12.62416673,0.08371592,221.76,177.2766667,30.9324194,5.133666667,4.779233333,0.263287777,1252,1246.333333,58.9673767
1/5/1978,1978,5,2,2,3,2,1303,12.69999981,176.31,232.73,5.1337,183.75,175.28,178.14,146.61,12.68000031,12.65999985,12.44999981,214.09,224.41,156.55,5.1672,4.9607,4.6998,1285,1217,1371,178.4,162.2216667,15.03906721,12.67999999,12.64500006,0.065574465,224.5333333,183.625,33.96096917,5.191333333,4.815391667,0.280611807,1280.666667,1240.666667,48.17833035
1/6/1978,1978,6,2,2,1,2,1333,12.72999954,183.75,244.96,5.3288,188.73,176.31,183.61,140.78,12.69999981,12.65999985,12.44999981,232.73,226.78,150.36,5.1337,5.2731,4.4815,1303,1254,1312,178.4466667,165.8025,14.57820486,12.70333322,12.66833337,0.030100752,230.5933333,191.5083333,36.4273628,5.2099,4.886,0.295181128,1307,1242.416667,51.28611071
1/7/1978,1978,7,3,2,2,2,1337,12.77000046,188.73,245.64,5.3613,206.3,183.75,175.28,143.39,12.72999954,12.68000031,12.63000011,244.96,214.09,149.57,5.3288,5.1672,4.5323,1333,1285,1248,182.93,169.5808333,14.1093299,12.73333327,12.68000007,0.03954287,241.11,199.5141667,36.92593754,5.2746,4.955083333,0.301810777,1324.333333,1249.833333,58.14376123
1/8/1978,1978,8,3,2,2,2,1426,12.78999996,206.3,267.35,5.5361,212.08,188.73,176.31,144.94,12.77000046,12.69999981,12.63000011,245.64,232.73,148.86,5.3613,5.1337,4.4732,1337,1303,1160,192.9266667,174.6941667,15.42482501,12.76333332,12.69333339,0.047354252,252.65,209.3883333,37.97683405,5.408733333,5.043658333,0.303496241,1365.333333,1272,70.23078838
1/9/1978,1978,9,3,2,2,2,1442,12.80000019,212.08,269.34,5.5884,227.44,206.3,183.75,149.53,12.78999996,12.72999954,12.63000011,267.35,244.96,150.33,5.5361,5.3288,4.538,1426,1333,1195,202.37,179.9066667,16.66679024,12.78666687,12.70750006,0.051895914,260.7766667,219.3058333,36.66887842,5.495266667,5.131191667,0.295775985,1401.666667,1292.583333,80.98423902
1/10/1978,1978,10,4,2,2,2,1506,12.85000038,227.44,331.83,5.9447,206.2,212.08,188.73,158.95,12.80000019,12.77000046,12.68000031,269.34,245.64,157.62,5.5884,5.3613,4.7586,1442,1337,1210,215.2733333,185.6141667,20.19210037,12.81333351,12.72166673,0.065203747,289.5066667,233.8233333,43.81586,5.689733333,5.230033333,0.35265911,1458,1317.25,97.03244537
1/11/1978,1978,11,4,2,3,2,1481,13.19999981,206.2,328.51,5.8724,207.85,227.44,206.3,162.1,12.85000038,12.78999996,12.68000031,331.83,267.35,169.67,5.9447,5.5361,4.8258,1506,1426,1182,215.24,189.2891667,19.52556155,12.95000013,12.76500003,0.151147118,309.8933333,247.06,46.57889495,5.801833333,5.31725,0.372461384,1476.333333,1342.166667,97.53305578
1/12/1978,1978,12,4,2,2,2,1533,14.5,207.85,340.44,5.935,227.28,206.2,212.08,160.45,13.19999981,12.80000019,12.68000031,328.51,269.34,177.35,5.8724,5.5884,4.7168,1481,1442,1261,213.83,193.2391667,17.88676527,13.51666673,12.91666667,0.520337887,333.5933333,260.6508333,48.15631677,5.917366667,5.418766667,0.359723324,1506.666667,1364.833333,107.9998597
1/1/1979,1979,1,1,2,5,2,1659,17.45000029,227.28,358.47,6.2027,245.67,207.85,227.44,173.18,14.5,12.85000038,12.65999985,340.44,331.83,201.73,5.935,5.9447,4.9238,1533,1506,1261,213.7766667,197.7475,19.14491963,15.05000003,13.31583337,1.399723799,342.4733333,273.7125,51.83801556,6.003366667,5.525341667,0.388080389,1557.666667,1398,131.7214692
1/2/1979,1979,2,1,2,4,2,1944,20.75,245.67,410.41,7.3494,242.05,227.28,206.2,178.14,17.45000029,13.19999981,12.65999985,358.47,328.51,224.41,6.2027,5.8724,4.9607,1659,1481,1217,226.9333333,203.375,22.49018837,17.56666676,13.99000005,2.539402241,369.7733333,289.2125,62.47286569,6.4957,5.7244,0.617145056,1712,1458.583333,193.5709681
1/3/1979,1979,3,1,2,4,2,2050,22.02499962,242.05,397.76,7.4159,239.11,245.67,207.85,183.61,20.75,14.5,12.65999985,410.41,340.44,226.78,7.3494,5.935,5.2731,1944,1533,1254,238.3333333,208.245,24.09147699,20.07499997,14.7704167,3.390064588,388.88,303.4608333,66.31879693,6.989333333,5.902966667,0.766599109,1884.333333,1524.916667,246.2971075
1/4/1979,1979,4,2,2,2,2,2100,22.42500019,239.11,391.16,7.4371,257.59,242.05,227.28,175.28,22.02499962,17.45000029,12.68000031,397.76,358.47,214.09,7.4159,6.2027,5.1672,2050,1659,1285,242.2766667,213.5641667,23.18076493,21.73333327,15.58250002,3.962631964,399.7766667,318.2166667,64.29420564,7.4008,6.092125,0.844622461,2031.333333,1592.833333,283.6601146
1/5/1979,1979,5,2,2,1,2,1926,33.5,257.59,430.39,8.376,279.07,239.11,245.67,176.31,22.42500019,20.75,12.69999981,391.16,410.41,232.73,7.4371,7.3494,5.1337,2100,1944,1303,246.25,220.3375,23.1804993,25.98333327,17.31583337,6.391767695,406.4366667,334.6883333,65.70615757,7.743,6.362316667,1.012140945,2025.333333,1644.75,282.8019304
1/6/1979,1979,6,2,2,2,2,1877.9,34.67499924,279.07,430.29,8.5596,294.74,257.59,242.05,183.75,33.5,22.02499962,12.72999954,430.39,397.76,244.96,8.376,7.4159,5.3288,1926,2050,1333,258.59,228.2808333,25.69823816,30.19999981,19.14458334,7.917647074,417.28,350.1325,64.46741814,8.124233333,6.63155,1.134531562,1967.966667,1690.158333,271.7241431
1/7/1979,1979,7,3,2,3,2,1814,33.5,294.74,411.79,9.0545,300.82,279.07,239.11,188.73,34.67499924,22.42500019,12.77000046,430.29,391.16,245.64,8.5596,7.4371,5.3613,1877.9,2100,1337,277.1333333,237.115,28.88918687,33.89166641,20.87208331,8.62982194,424.1566667,363.9783333,57.44484119,8.663366667,6.939316667,1.253333312,1872.633333,1729.908333,249.3317084
1/8/1979,1979,8,3,2,2,2,1976.4,34,300.82,394.34,9.3067,354.95,294.74,257.59,206.3,33.5,33.5,12.78999996,411.79,430.39,267.35,9.0545,8.376,5.5361,1814,1926,1426,291.5433333,244.9916667,32.39626321,34.05833308,22.63958331,8.988606649,412.14,374.5608333,49.11945726,8.9736,7.253533333,1.339266752,1889.433333,1775.775,238.7433317
1/9/1979,1979,9,3,2,2,2,2095.9,35.5,354.95,462.93,13.7593,391.66,300.82,279.07,212.08,34,34.67499924,12.80000019,394.34,430.29,269.34,9.3067,8.5596,5.5884,1976.4,1877.9,1442,316.8366667,256.8975,43.53824591,34.33333333,24.53124996,9.117304392,423.02,390.6933333,42.80455272,10.70683333,7.934441667,2.209868091,1962.1,1830.266667,230.1035985
1/10/1979,1979,10,4,2,4,2,2075.9,37.25,391.66,519.87,16.6331,391.99,354.95,294.74,227.44,35.5,33.5,12.85000038,462.93,411.79,331.83,13.7593,9.0545,5.9447,2095.9,1814,1506,349.1433333,270.5825,57.12602004,35.58333333,26.56458326,8.99534886,459.0466667,406.3633333,52.59593785,13.23303333,8.825141667,3.246062143,2049.4,1877.758333,215.437333
1/11/1979,1979,11,4,2,2,2,2090,40.75,391.99,505.64,16.6502,455.08,391.66,300.82,206.2,37.25,34,13.19999981,519.87,394.34,328.51,16.6331,9.3067,5.8724,2075.9,1976.4,1481,379.5333333,286.065,62.96852381,37.83333333,28.86041661,8.787610391,496.1466667,421.1241667,53.60612931,15.68086667,9.723291667,3.798790325,2087.266667,1928.508333,182.7239073
1/12/1979,1979,12,4,2,2,2,2214,39.75,455.08,600.53,22.4504,675.31,391.99,354.95,207.85,40.75,35.5,14.5,505.64,462.93,340.44,16.6502,13.7593,5.935,2090,2095.9,1533,412.91,306.6675,74.44968577,39.25,30.96458328,8.026514658,542.0133333,442.7983333,68.52277151,18.5779,11.099575,5.077912512,2126.633333,1985.258333,151.8672235
1/1/1980,1980,1,1,2,4,3,2601,39,675.31,806.79,38.8756,665.32,455.08,391.66,227.28,39.75,37.25,17.45000029,600.53,519.87,358.47,22.4504,16.6331,6.2027,2214,2075.9,1659,507.46,344.0033333,125.7116676,39.83333333,32.76041659,7.083258587,637.6533333,480.1583333,120.7094569,25.99206667,13.82231667,9.255000929,2301.666667,2063.758333,202.809021
1/2/1980,1980,2,1,2,2,3,2918,37.25,665.32,882.31,35.2435,553.58,675.31,391.99,245.67,39,40.75,20.75,806.79,505.64,410.41,38.8756,16.6502,7.3494,2601,2090,1944,598.57,378.9741667,151.5786932,38.66666667,34.13541659,6.068673862,763.21,519.4833333,164.7538573,32.18983333,16.146825,10.84742886,2577.666667,2144.925,314.6104261
1/3/1980,1980,3,1,2,5,3,2306,37,553.58,746.54,24.73,517.41,665.32,455.08,242.05,37.25,39.75,22.02499962,882.31,600.53,397.76,35.2435,22.4504,7.4159,2918,2214,2050,631.4033333,404.935,152.6697249,37.75,35.38333329,4.74794609,811.88,548.5483333,171.9363089,32.9497,17.58966667,10.73140751,2608.333333,2166.258333,316.2636974
1/4/1980,1980,4,2,2,3,3,2070,36.57500076,517.41,589.06,14.9487,513.8,553.58,675.31,239.11,37,39,22.42500019,746.54,806.79,391.16,24.73,38.8756,7.4371,2306,2601,2100,578.77,428.1266667,146.1900843,36.94166692,36.5625,2.426920568,739.3033333,565.04,164.8110335,24.97406667,18.21563333,10.29559598,2431.333333,2163.758333,316.9528914
1/5/1980,1980,5,2,2,5,3,2037,37.04999924,513.8,559.65,12.6761,600.72,517.41,665.32,257.59,36.57500076,37.25,33.5,589.06,882.31,430.39,14.9487,35.2435,8.376,2070,2918,1926,528.2633333,449.4775,137.4686134,36.875,36.85833327,2.227879531,631.75,575.8116667,159.3439757,17.4516,18.573975,9.992358,2137.666667,2173.008333,310.9461206
1/6/1980,1980,6,2,2,5,3,2006,37,600.72,641.84,15.7834,643.27,513.8,553.58,279.07,37.04999924,37,34.67499924,559.65,746.54,430.29,12.6761,24.73,8.5596,2037,2306,1877.9,543.9766667,476.2816667,132.4893937,36.875,37.05208333,2.119188785,596.85,593.4408333,153.3709892,14.4694,19.17595833,9.541633163,2037.666667,2183.683333,301.9629382
1/7/1980,1980,7,3,2,4,3,2176,35.375,643.27,670.35,16.322,627.15,600.72,517.41,294.74,37,36.57500076,33.5,641.84,589.06,411.79,15.7834,14.9487,9.0545,2006,2070,1814,585.93,505.3258333,127.1694636,36.47499975,37.20833333,1.890236059,623.9466667,614.9875,143.3673451,14.92716667,19.78158333,9.059250306,2073,2213.85,278.8728466
1/8/1980,1980,8,3,2,2,3,2082.1,32.94999886,627.15,644.24,15.9418,673.63,643.27,513.8,300.82,35.375,37.04999924,34,670.35,559.65,394.34,16.322,12.6761,9.3067,2176,2037,1976.4,623.7133333,532.52,113.6329884,35.10833295,37.12083324,2.068179931,652.1433333,635.8125,125.4310292,16.01573333,20.33450833,8.549971928,2088.033333,2222.658333,272.2824785
1/9/1980,1980,9,3,2,5,3,2060,32.82500076,673.63,695.88,19.8868,661.15,627.15,600.72,354.95,32.94999886,37,35.5,644.24,641.84,462.93,15.9418,15.7834,13.7593,2082.1,2006,2095.9,648.0166667,559.0766667,105.2939026,33.71666654,36.89791663,2.379492402,670.1566667,655.225,113.7221406,17.38353333,20.84513333,8.300933371,2106.033333,2219.666667,273.9936772
1/10/1980,1980,10,4,2,3,3,2040,37.35000038,661.15,675.6,20.2004,624.77,673.63,643.27,391.66,32.82500076,35.375,37.25,695.88,670.35,519.87,19.8868,16.322,16.6331,2060,2176,2075.9,653.9766667,581.5341667,94.52917717,34.375,36.90625,2.381012174,671.9066667,668.2025,105.4570815,18.67633333,21.14240833,8.199636524,2060.7,2216.675,275.8955241
1/11/1980,1980,11,4,2,5,3,2010,40.29999924,624.77,632.6,18.5823,538.26,661.15,627.15,391.99,37.35000038,32.94999886,40.75,675.6,644.24,505.64,20.2004,15.9418,16.6502,2040,2082.1,2090,653.1833333,600.9325,73.68250121,36.82500013,36.86874994,2.317672293,668.0266667,678.7825,93.33755515,19.5565,21.30341667,8.122010304,2036.666667,2210.008333,280.1681977
1/12/1980,1980,12,4,2,3,3,1879,39.75,538.26,604.34,16.4618,557.39,624.77,673.63,455.08,40.29999924,32.82500076,39.75,632.6,695.88,600.53,18.5823,19.8868,22.4504,2010,2060,2214,608.06,607.8641667,61.64305999,39.13333321,36.86874994,2.317672293,637.5133333,679.1,93.05321723,18.41483333,20.80436667,8.228413276,1976.333333,2182.091667,295.9783329
1/1/1981,1981,1,1,2,1,3,1869.1,39.77499962,557.39,536.01,14.7885,499.76,538.26,661.15,675.31,39.75,37.35000038,39,604.34,675.6,806.79,16.4618,20.2004,38.8756,1879,2040,2601,573.4733333,598.0375,59.26709636,39.94166629,36.93333324,2.392063807,590.9833333,656.535,92.10062427,16.61086667,18.79710833,6.075635251,1919.366667,2121.1,276.5821759
1/2/1981,1981,2,1,2,2,3,1801,37.89999962,499.76,479.69,13.0646,499.11,557.39,624.77,665.32,39.77499962,40.29999924,37.25,536.01,632.6,882.31,14.7885,18.5823,35.2435,1869.1,2010,2918,531.8033333,584.2408333,61.41204493,39.14166641,36.98749987,2.40719791,540.0133333,622.9833333,73.91580362,14.77163333,16.94886667,3.403643324,1849.7,2028.016667,136.4867681
1/3/1981,1981,3,1,2,1,3,1818,37.59999847,499.11,490.88,12.3407,495.8,499.76,538.26,553.58,37.89999962,39.75,37,479.69,604.34,746.54,13.0646,16.4618,24.73,1801,1879,2306,518.7533333,579.7016667,65.74451624,38.42499924,37.03749975,2.413703642,502.1933333,601.6783333,71.88198078,13.39793333,15.916425,2.616913539,1829.366667,1987.35,117.5128426
1/4/1981,1981,4,2,2,5,3,1821,36.36999893,495.8,481.17,11.4736,479.7,499.11,557.39,517.41,37.59999847,39.77499962,36.57500076,490.88,536.01,589.06,12.3407,14.7885,14.9487,1818,1869.1,2070,498.2233333,577.9008333,67.8675699,37.28999901,37.02041626,2.417996313,483.9133333,592.6875,79.90347917,12.29296667,15.62683333,2.909646081,1813.333333,1966.6,123.4270119
1/5/1981,1981,5,2,2,5,3,1742,34.28499985,479.7,461.92,10.8502,461.09,495.8,499.76,513.8,36.36999893,37.89999962,37.04999924,481.17,479.69,559.65,11.4736,13.0646,12.6761,1821,1801,2037,491.5366667,575.0591667,71.41661603,36.08499908,36.78999964,2.543410271,477.99,584.5433333,88.13365835,11.55483333,15.474675,3.118245666,1793.666667,1942.016667,136.7856374
1/6/1981,1981,6,2,2,3,3,1700,32.70999908,461.09,443.42,9.9981,409.07,479.7,499.11,600.72,34.28499985,37.59999847,37,461.92,490.88,641.84,10.8502,12.3407,15.7834,1742,1818,2006,478.8633333,563.4233333,77.93321422,34.45499929,36.43249957,2.799787697,462.17,568.0083333,94.77004301,10.77396667,14.99256667,3.49111128,1754.333333,1916.516667,151.5041604
1/7/1981,1981,7,3,2,3,3,1681.9,33.51000023,409.07,406.71,8.5812,410.16,461.09,495.8,643.27,32.70999908,36.36999893,35.375,443.42,481.17,670.35,9.9981,11.4736,16.322,1700,1821,2176,449.9533333,543.9066667,85.11388236,33.50166639,36.27708292,2.913288796,437.35,546.0383333,99.33695475,9.809833333,14.3475,3.912815019,1707.966667,1875.341667,141.3755248
1/8/1981,1981,8,3,2,2,3,1787,33.9849987,410.16,417.6,8.9159,443.75,409.07,479.7,627.15,33.51000023,34.28499985,32.94999886,406.71,461.92,644.24,8.5812,10.8502,15.9418,1681.9,1742,2082.1,426.7733333,525.8241667,88.79143043,33.40166601,36.36333291,2.819649569,422.5766667,527.1516667,100.5071234,9.165066667,13.76200833,4.169785424,1722.966667,1850.75,127.0846783
1/9/1981,1981,9,3,2,5,3,1710.4,33.98500061,443.75,435.61,10.0502,437.76,410.16,461.09,673.63,33.9849987,32.70999908,32.82500076,417.6,443.42,695.88,8.9159,9.9981,19.8868,1787,1700,2060,420.9933333,506.6675,78.16588958,33.82666651,36.45999956,2.704864263,419.9733333,505.4625,88.10329022,9.182433333,12.94229167,3.807402341,1726.433333,1821.616667,114.1702145
1/10/1981,1981,10,4,2,3,3,1666.3,34.61000061,437.76,420.25,9.2282,413.37,443.75,409.07,661.15,33.98500061,33.51000023,37.35000038,435.61,406.71,675.6,10.0502,8.5812,20.2004,1710.4,1681.9,2040,430.5566667,488.0516667,63.19794226,34.19333331,36.23166625,2.73834653,424.4866667,484.1833333,72.77915115,9.3981,12.02794167,3.170049437,1721.233333,1790.475,99.16815953
1/11/1981,1981,11,4,2,5,3,1651.4,35.68000031,413.37,397.07,8.5389,410.09,437.76,410.16,624.77,34.61000061,33.9849987,40.29999924,420.25,417.6,632.6,9.2282,8.9159,18.5823,1666.3,1787,2010,431.6266667,470.435,49.63051142,34.75833384,35.84666634,2.420711047,417.6433333,464.5558333,59.69864784,9.272433333,11.19099167,2.546821953,1676.033333,1760.591667,78.97757401
1/12/1981,1981,12,4,2,2,3,1655.3,35.40999985,410.09,399.45,8.4481,384.14,413.37,443.75,538.26,35.68000031,33.98500061,39.75,397.07,435.61,604.34,8.5389,10.0502,16.4618,1651.4,1710.4,1879,420.4066667,459.7541667,47.4508265,35.23333359,35.48499966,2.085519168,405.59,447.4816667,43.06870237,8.7384,10.52318333,2.039156271,1657.666667,1741.95,74.77705652
1/1/1982,1982,1,1,2,3,3,1610.6,35.04999949,384.14,369.59,7.9881,374.13,410.09,437.76,557.39,35.40999985,34.61000061,39.77499962,399.45,420.25,536.01,8.4481,9.2282,14.7885,1655.3,1666.3,1869.1,402.5333333,445.3166667,40.95545215,35.37999988,35.09124965,1.588823145,388.7033333,433.6133333,38.52498866,8.325033333,9.956483333,1.654736338,1639.1,1720.408333,72.00054871
1/2/1982,1982,2,1,2,3,3,1598,32.27333349,374.13,359.63,8.2848,330.25,384.14,413.37,499.76,35.04999949,35.68000031,37.89999962,369.59,397.07,479.69,7.9881,8.5389,13.0646,1610.6,1651.4,1801,389.4533333,434.8475,41.82111605,34.24444427,34.6223608,1.513011534,376.2233333,423.6083333,40.9824756,8.240333333,9.558166667,1.393163104,1621.3,1703.491667,75.12387901
1/3/1982,1982,3,1,2,5,3,1510.4,30.16666654,330.25,317.62,7.2327,350.3,374.13,410.09,499.11,32.27333349,35.40999985,37.59999847,359.63,399.45,490.88,8.2848,8.4481,12.3407,1598,1655.3,1818,362.84,420.7758333,46.39150558,32.49666651,34.00291647,1.693935517,348.9466667,409.17,45.40891022,7.8352,9.1325,1.237333493,1573,1677.858333,84.40540114
1/4/1982,1982,4,2,2,3,3,1521.7,31.56666603,350.3,337.93,7.3087,333.71,330.25,384.14,495.8,30.16666654,35.04999949,36.36999893,317.62,369.59,481.17,7.2327,7.9881,11.4736,1510.4,1610.6,1821,351.56,408.6508333,43.95030219,31.33555535,33.60263873,1.650706804,338.3933333,397.2333333,43.55037821,7.608733333,8.785425,1.097140932,1543.366667,1652.916667,82.46092004
1/5/1982,1982,5,2,2,3,3,1527.7,33.04333293,333.71,310.39,6.6834,314.98,350.3,374.13,479.7,31.56666603,32.27333349,34.28499985,337.93,359.63,461.92,7.3087,8.2848,10.8502,1521.7,1598,1742,338.0866667,396.485,42.68273453,31.59222183,33.49916649,1.642943332,321.98,384.6058333,45.0322556,7.074933333,8.438191667,1.042255505,1519.933333,1635.058333,84.59216016
1/6/1982,1982,6,2,2,5,3,1300,32.76666667,314.98,276.26,5.5616,338.97,333.71,330.25,461.09,33.04333293,30.16666654,32.70999908,310.39,317.62,443.42,6.6834,7.2327,9.9981,1527.7,1510.4,1700,332.9966667,384.3091667,43.41158422,32.45888854,33.50388879,1.64054852,308.1933333,370.6758333,50.68451359,6.5179,8.068483333,1.211704903,1449.8,1601.725,125.5632772
1/7/1982,1982,7,3,2,2,3,1440.9,32.91666718,338.97,287.97,6.4626,364.23,314.98,350.3,409.07,32.76666667,31.56666603,33.51000023,276.26,337.93,406.71,5.5616,7.3087,8.5812,1300,1521.7,1681.9,329.22,378.4675,44.48008995,32.90888892,33.45444437,1.649265643,291.54,360.7808333,54.4601443,6.235866667,7.891933333,1.282485533,1422.866667,1581.641667,130.7405721
1/8/1982,1982,8,3,2,1,3,1451.5,32.41666641,364.23,296.81,7.1078,437.31,338.97,333.71,410.16,32.91666718,33.04333293,33.9849987,287.97,310.39,417.6,6.4626,6.6834,8.9159,1440.9,1527.7,1787,339.3933333,374.64,43.46969394,32.70000008,33.32375001,1.665461219,287.0133333,350.715,54.16555287,6.377333333,7.741258333,1.257211288,1397.466667,1553.683333,118.0942831
1/9/1982,1982,9,3,2,1,3,1426.5,33.46666641,437.31,334.13,8.7818,422.15,364.23,314.98,443.75,32.41666641,32.76666667,33.98500061,296.81,276.26,435.61,7.1078,5.5616,10.0502,1451.5,1300,1710.4,380.17,374.1033333,42.56934222,32.93333333,33.28055549,1.653430465,306.3033333,342.2583333,47.17732214,7.450733333,7.635558333,1.087274654,1439.633333,1530.025,112.131312
1/10/1982,1982,10,4,2,1,3,1461,33.78333384,422.15,334.54,9.3875,414.89,437.31,338.97,437.76,33.46666641,32.91666718,34.61000061,334.13,287.97,420.25,8.7818,6.4626,9.2282,1426.5,1440.9,1666.3,407.8966667,372.8025,40.64216667,33.22222222,33.21166659,1.609646175,321.8266667,335.1158333,40.28013936,8.4257,7.648833333,1.109238286,1446.333333,1512.916667,104.8761073
1/11/1982,1982,11,4,2,2,3,1443.8,32.84999975,414.89,345.91,9.7906,444.5,422.15,364.23,413.37,33.78333384,32.41666641,35.68000031,334.54,296.81,397.07,9.3875,7.1078,8.5389,1461,1451.5,1651.4,424.7833333,372.9291667,40.78222194,33.36666667,32.97583321,1.410070659,338.1933333,330.8525,35.55721257,9.319966667,7.753141667,1.250414054,1443.766667,1495.616667,96.76446411
1/12/1982,1982,12,4,2,2,3,1473.2,31.46666679,444.5,368.72,10.5691,481.29,414.89,437.31,410.09,32.84999975,33.46666641,35.40999985,345.91,334.13,399.45,9.7906,8.7818,8.4481,1443.8,1426.5,1655.3,427.18,375.7966667,44.65816821,32.70000013,32.64722213,1.240523535,349.7233333,328.2916667,30.97961964,9.915733333,7.929891667,1.4854034,1459.333333,1480.441667,82.70283559
1/1/1983,1983,1,1,2,4,3,1571.9,30.65333303,481.29,452.85,12.339,491.09,444.5,422.15,384.14,31.46666679,33.78333384,35.04999949,368.72,334.54,369.59,10.5691,9.3875,7.9881,1473.2,1461,1610.6,446.8933333,383.8925,54.11317587,31.65666652,32.28083325,1.108612976,389.16,335.23,46.50380786,10.89956667,8.292466667,1.957038031,1496.3,1477.216667,77.77355046
1/2/1983,1983,2,1,2,4,3,1647.4,29.11333338,491.09,464.51,13.9756,419.7,481.29,414.89,374.13,30.65333303,32.84999975,32.27333349,452.85,345.91,359.63,12.339,9.7906,8.2848,1571.9,1443.8,1598,472.2933333,393.6391667,62.13374233,30.41111107,32.01749991,1.437172598,428.6933333,343.97,59.53604928,12.29456667,8.7667,2.553592034,1564.166667,1481.333333,85.65595382
1/3/1983,1983,3,1,2,4,3,1597.7,28.32000033,419.7,401.06,10.6403,432.88,491.09,444.5,330.25,29.11333338,31.46666679,30.16666654,464.51,368.72,317.62,13.9756,10.5691,7.2327,1647.4,1473.2,1510.4,464.0266667,401.0933333,59.13069244,29.36222225,31.86361106,1.723681406,439.4733333,350.9233333,61.03256379,12.3183,9.050666667,2.556964308,1605.666667,1488.608333,91.8336387
1/4/1983,1983,4,2,2,2,3,1674.9,29.69333331,432.88,413.68,11.6129,438.01,419.7,481.29,350.3,28.32000033,30.65333303,31.56666603,401.06,452.85,337.93,10.6403,12.339,7.3087,1597.7,1571.9,1521.7,447.89,407.975,57.46379738,29.04222234,31.7075,1.834302808,426.4166667,357.2358333,63.43652009,12.07626667,9.40935,2.592041634,1640,1501.375,106.3532974
1/5/1983,1983,5,2,2,4,3,1765.7,29.35999997,438.01,448.52,12.9162,412.84,432.88,491.09,333.71,29.69333331,29.11333338,33.04333293,413.68,464.51,310.39,11.6129,13.9756,6.6834,1674.9,1647.4,1527.7,430.1966667,416.6666667,52.91780785,29.12444454,31.40055559,1.897535795,421.0866667,368.7466667,66.61585156,11.72313333,9.92875,2.620467609,1679.433333,1521.208333,131.0362993
1/6/1983,1983,6,2,2,1,3,1701.2,29.96666718,412.84,422.37,11.739,402.91,438.01,419.7,314.98,29.35999997,28.32000033,32.76666667,448.52,401.06,276.26,12.9162,10.6403,5.5616,1765.7,1597.7,1300,427.91,424.8216667,42.29727604,29.67333349,31.1672223,1.88639884,428.19,380.9225,61.31665636,12.08936667,10.44353333,2.267564547,1713.933333,1554.641667,120.1990959
1/7/1983,1983,7,3,2,2,3,1704.3,30.46666654,402.91,433.27,12.0293,416.2,412.84,432.88,338.97,29.96666718,29.69333331,32.91666718,422.37,413.68,287.97,11.739,11.6129,6.4626,1701.2,1674.9,1440.9,417.92,430.15,33.64057885,29.93111123,30.96305558,1.810914356,434.72,393.0308333,55.3483255,12.22816667,10.907425,1.922233992,1723.733333,1576.591667,121.5823212
1/8/1983,1983,8,3,2,4,3,1639.8,30.65333303,416.2,435.56,12.0626,411.8,402.91,438.01,364.23,30.46666654,29.35999997,32.41666641,433.27,448.52,296.81,12.0293,12.9162,7.1078,1704.3,1765.7,1451.5,410.65,434.4808333,27.09018053,30.36222225,30.81611113,1.752850934,430.4,404.5933333,47.3322808,11.94363333,11.320325,1.522446027,1681.766667,1592.283333,115.9927493
1/9/1983,1983,9,3,2,1,3,1560.7,30.07000033,411.8,431.11,11.9562,393.6,416.2,412.84,437.31,30.65333303,29.96666718,33.46666641,435.56,422.37,334.13,12.0626,11.739,8.7818,1639.8,1701.2,1426.5,410.3033333,432.355,27.83856498,30.39666663,30.53305562,1.548228999,433.3133333,412.675,42.20952618,12.01603333,11.58485833,1.300935124,1634.933333,1603.466667,104.4509831
1/10/1983,1983,10,4,2,3,3,1435.2,29.61666679,393.6,395.87,9.8867,381.7,411.8,402.91,422.15,30.07000033,30.46666654,33.78333384,431.11,433.27,334.54,11.9562,12.0293,9.3875,1560.7,1704.3,1461,407.2,429.9758333,29.93132365,30.11333338,30.18583337,1.175346905,420.8466667,417.7858333,34.98307057,11.30183333,11.62645833,1.230349009,1545.233333,1601.316667,107.8599836
1/11/1983,1983,11,4,2,3,3,1389.1,29.16666667,381.7,387.67,8.8122,388.34,393.6,416.2,414.89,29.61666679,30.65333303,32.84999975,395.87,435.56,345.91,9.8867,12.0626,9.7906,1435.2,1639.8,1443.8,395.7,427.21,32.84384708,29.61777793,29.87888895,0.853132387,404.8833333,421.2658333,28.69505927,10.21836667,11.544925,1.385681567,1461.666667,1596.758333,115.972806
1/12/1983,1983,12,4,2,2,3,1415.2,28.81333351,388.34,393.22,9.1454,370.89,381.7,411.8,444.5,29.16666667,30.07000033,31.46666679,387.67,431.11,368.72,8.8122,11.9562,10.5691,1389.1,1560.7,1473.2,387.88,422.53,34.13210326,29.19888899,29.65777784,0.74063069,392.2533333,423.3075,25.28555827,9.281433333,11.42628333,1.530235369,1413.166667,1591.925,122.6091508
1/1/1984,1984,1,1,2,1,3,1375.7,29.04333305,370.89,376.25,8.2538,385.96,388.34,393.6,481.29,28.81333351,29.61666679,30.65333303,393.22,395.87,452.85,9.1454,9.8867,12.339,1415.2,1435.2,1571.9,380.31,413.33,31.64185548,29.00777774,29.52361117,0.687834278,385.7133333,416.9241667,26.77454641,8.737133333,11.08585,1.747691559,1393.333333,1575.575,137.6779584
1/2/1984,1984,2,1,2,3,3,1429.8,29.2033329,385.96,391.23,9.1182,394.26,370.89,381.7,491.09,29.04333305,29.16666667,29.11333338,376.25,387.67,464.51,8.2538,8.8122,13.9756,1375.7,1389.1,1647.4,381.73,404.5691667,20.87789194,29.01999982,29.53111113,0.683430601,386.9,410.8175,23.02947089,8.839133333,10.68106667,1.571145516,1406.9,1557.441667,141.6311243
1/3/1984,1984,3,1,2,3,3,1501.2,29.53333346,394.26,398.43,9.648,381.37,385.96,388.34,419.7,29.2033329,28.81333351,28.32000033,391.23,393.22,401.06,9.1182,9.1454,10.6403,1429.8,1415.2,1597.7,383.7033333,402.4491667,20.48980698,29.25999981,29.63222223,0.567961696,388.6366667,410.5983333,23.14300752,9.006666667,10.598375,1.599346185,1435.566667,1549.4,141.8768672
1/4/1984,1984,4,2,2,5,3,1532.6,29.57333247,381.37,391.62,9.2472,377.4,394.26,370.89,432.88,29.53333346,29.04333305,29.69333331,398.43,376.25,413.68,9.648,8.2538,11.6129,1501.2,1375.7,1674.9,387.1966667,398.1566667,18.86637959,29.43666628,29.62222216,0.567844312,393.76,408.76,23.74430764,9.3378,10.40123333,1.608698663,1487.866667,1537.541667,136.2698023
1/5/1984,1984,5,2,2,5,3,1420.9,29.46000036,377.4,387.86,8.9676,377.7,381.37,385.96,438.01,29.57333247,29.2033329,29.35999997,391.62,391.23,448.52,9.2472,9.1182,12.9162,1532.6,1429.8,1765.7,384.3433333,393.1058333,14.92941907,29.5222221,29.63055552,0.56436939,392.6366667,403.705,20.7824876,9.2876,10.07218333,1.442787254,1484.9,1508.808333,119.0514973
1/6/1984,1984,6,2,2,3,3,1366.5,29.05000051,377.7,381.55,8.7721,347.71,377.4,394.26,412.84,29.46000036,29.53333346,29.96666718,387.86,398.43,422.37,8.9676,9.648,11.739,1420.9,1501.2,1701.2,378.8233333,390.1775,14.13173034,29.36111111,29.55416663,0.576643172,387.01,400.3033333,20.79037248,8.995633333,9.824941667,1.384209102,1440,1480.916667,108.630992
1/7/1984,1984,7,3,2,5,3,1330.8,27.986667,347.71,343.32,7.4553,347.7,377.7,381.37,402.91,29.05000051,29.57333247,30.46666654,381.55,391.62,433.27,8.7721,9.2472,12.0293,1366.5,1532.6,1704.3,367.6033333,385.5775,18.05097788,28.83222262,29.34750001,0.658480118,370.91,392.8075,23.818794,8.398333333,9.443775,1.351394326,1372.733333,1449.791667,90.86319845
1/8/1984,1984,8,3,2,3,3,1337.5,28.17000008,347.7,339.78,7.5974,340.2,347.71,377.4,416.2,27.986667,29.46000036,30.65333303,343.32,387.86,435.56,7.4553,8.9676,12.0626,1330.8,1420.9,1639.8,357.7033333,379.8691667,18.31582151,28.40222253,29.14055559,0.598251319,354.8833333,384.8258333,24.23434807,7.9416,9.071675,1.16690298,1344.933333,1424.6,73.6750482
1/9/1984,1984,9,3,2,5,3,1293.6,28.35333316,340.2,326.7,7.2533,341,347.7,377.7,411.8,28.17000008,29.05000051,30.07000033,339.78,381.55,431.11,7.5974,8.7721,11.9562,1337.5,1366.5,1560.7,345.2033333,373.9025,18.62796974,28.17000008,28.9975,0.559807097,336.6,376.125,24.84181647,7.435333333,8.679766667,0.859237805,1320.633333,1402.341667,69.01958165
1/10/1984,1984,10,4,2,2,3,1273,27.85333316,341,324.34,7.2903,342,340.2,347.71,393.6,28.35333316,27.986667,29.61666679,326.7,343.32,395.87,7.2533,7.4553,9.8867,1293.6,1330.8,1435.2,342.9666667,369.5191667,19.72776883,28.12555546,28.85055553,0.611545134,330.2733333,370.1641667,28.04820054,7.380333333,8.4634,0.854578088,1301.366667,1388.825,77.3762487
1/11/1984,1984,11,4,2,4,3,1345.1,27.65000025,342,328.49,7.4896,319.54,341,347.7,381.7,27.85333316,28.17000008,29.16666667,324.34,339.78,387.67,7.2903,7.5974,8.8122,1273,1337.5,1389.1,341.0666667,366.2108333,20.79909196,27.95222219,28.72416666,0.691742129,326.51,365.2325,29.8361328,7.3444,8.353183333,0.890055833,1303.9,1385.158333,78.39781373
1/12/1984,1984,12,4,2,3,3,1321.1,26.81333351,319.54,304.13,6.6355,302.79,342,340.2,388.34,27.65000025,28.35333316,28.81333351,328.49,326.7,393.22,7.4896,7.2533,9.1454,1345.1,1293.6,1415.2,334.18,360.4775,23.45719084,27.43888897,28.55749999,0.882845511,318.9866667,357.8083333,33.14011489,7.138466667,8.144025,0.977569134,1313.066667,1377.316667,79.81310935
1/1/1985,1985,1,1,2,3,3,1359.1,26.63333333,302.79,274.39,6.0992,299.1,319.54,341,370.89,26.81333351,27.85333316,29.04333305,304.13,324.34,376.25,6.6355,7.2903,8.2538,1321.1,1273,1375.7,321.4433333,354.8025,28.42149926,27.03222237,28.35666668,1.024959135,302.3366667,349.32,40.26598045,6.741433333,7.964475,1.139954378,1341.766667,1375.933333,79.9873437
1/2/1985,1985,2,1,2,2,3,1388.5,27.6,299.1,269.4,6.0628,313.5,302.79,342,385.96,26.63333333,27.65000025,29.2033329,274.39,328.49,391.23,6.0992,7.4896,9.1182,1359.1,1345.1,1429.8,307.1433333,347.5641667,30.73176457,27.01555561,28.22305561,1.008934238,282.64,339.1675,43.93044112,6.265833333,7.709858333,1.198551644,1356.233333,1372.491667,78.33023866
1/3/1985,1985,3,1,2,1,3,1389.9,27.85,313.5,260.76,5.994,326.8,299.1,319.54,394.26,27.6,26.81333351,29.53333346,269.4,304.13,398.43,6.0628,6.6355,9.648,1388.5,1321.1,1501.2,305.13,340.8341667,28.32475097,27.36111111,28.08277782,0.923611459,268.1833333,327.695,45.01009311,6.052,7.405358333,1.123182175,1379.166667,1363.216667,67.55253623
1/4/1985,1985,4,2,2,2,3,1501.8,27.8,326.8,282.72,6.4446,316,313.5,302.79,381.37,27.85,26.63333333,29.57333247,260.76,274.39,391.62,5.994,6.0992,9.2472,1389.9,1359.1,1532.6,313.1333333,336.2866667,25.46093919,27.75,27.93500011,0.796571661,270.96,318.62,41.8146025,6.167133333,7.171808333,0.988711228,1426.733333,1360.65,60.77706655
1/5/1985,1985,5,2,2,1,3,1530.6,26.65,316,272.38,6.2688,316.5,326.8,299.1,377.4,27.8,27.6,29.46000036,282.72,269.4,387.86,6.4446,6.0628,8.9676,1501.8,1388.5,1420.9,318.7666667,331.17,22.43765706,27.43333333,27.70083342,0.716518195,271.9533333,308.9966667,37.49633711,6.2358,6.946908333,0.838648536,1474.1,1369.791667,76.8010826
1/6/1985,1985,6,2,2,5,3,1432.4,26.36666667,316.5,267.8,6.1771,317.2,316,313.5,377.7,26.65,27.85,29.05000051,272.38,260.76,381.55,6.2688,5.994,8.7721,1530.6,1389.9,1366.5,319.7666667,326.07,17.25735943,26.93888889,27.47722226,0.674678863,274.3,299.5175,31.36392285,6.296833333,6.730658333,0.635091728,1488.266667,1375.283333,78.87247283
1/7/1985,1985,7,3,2,3,3,1474.6,26.38333333,317.2,268.91,5.9997,330.4,316.5,326.8,347.71,26.36666667,27.8,27.986667,267.8,282.72,343.32,6.1771,6.4446,7.4553,1432.4,1501.8,1330.8,316.5666667,323.5275,15.97952276,26.46666667,27.34361112,0.721736736,269.6966667,293.3166667,29.19745983,6.148533333,6.609358333,0.62299765,1479.2,1387.266667,82.3470299
1/8/1985,1985,8,3,2,1,3,1420.2,27.01666667,330.4,307.8,6.1511,323.35,317.2,316,347.7,26.38333333,26.65,28.17000008,268.91,272.38,339.78,5.9997,6.2688,7.5974,1474.6,1530.6,1337.5,321.3666667,322.0858333,14.29169273,26.58888889,27.24750001,0.67709734,281.5033333,290.6516667,25.83708956,6.1093,6.488833333,0.550111216,1442.4,1394.158333,81.25678107
1/9/1985,1985,9,3,2,3,3,1366.4,26.98333333,323.35,311.15,6.0549,325.85,330.4,316.5,340.2,27.01666667,26.36666667,28.35333316,307.8,267.8,326.7,6.1511,6.1771,7.2533,1420.2,1432.4,1293.6,323.65,320.6816667,13.13078329,26.79444444,27.13333335,0.582594329,295.9533333,289.3558333,24.20303567,6.068566667,6.388966667,0.505699739,1420.4,1400.225,75.5863158
1/10/1985,1985,10,4,2,3,3,1384.7,27.81666667,325.85,323.46,6.1766,321.5,323.35,317.2,341,26.98333333,26.38333333,27.85333316,311.15,268.91,324.34,6.0549,5.9997,7.2903,1366.4,1474.6,1273,326.5333333,319.4191667,11.64373531,27.27222222,27.13027781,0.578557009,314.1366667,289.2825,24.08846202,6.127533333,6.296158333,0.420215493,1390.433333,1409.533333,64.56940358
1/11/1985,1985,11,4,2,3,3,1369.5,28.6,321.5,334.4,6.1018,321.9,325.85,330.4,342,27.81666667,27.01666667,27.65000025,323.46,307.8,328.49,6.1766,6.1511,7.4896,1384.7,1420.2,1345.1,323.5666667,317.7108333,9.29690707,27.8,27.20944446,0.706899371,323.0033333,289.775,25.00589767,6.1111,6.180508333,0.189584414,1373.533333,1411.566667,62.71340778
1/12/1985,1985,12,4,2,4,3,1390.9,26.5,321.9,336.82,5.8522,347.48,321.5,323.35,319.54,28.6,26.98333333,26.81333351,334.4,311.15,304.13,6.1018,6.0549,6.6355,1369.5,1366.4,1321.1,323.0833333,317.9075,9.36383966,27.63888889,27.18333333,0.728323105,331.56,292.4991667,28.27841627,6.043533333,6.115233333,0.149241655,1381.7,1417.383333,56.48779166
1/1/1986,1986,1,1,2,4,3,1418.3,24.68333333,347.48,363.76,6.0164,338.89,321.9,325.85,302.79,26.5,27.81666667,26.63333333,336.82,323.46,274.39,5.8522,6.1766,6.0992,1390.9,1384.7,1359.1,330.2933333,321.6316667,11.45765868,26.59444444,27.02083333,1.020945417,344.9933333,299.9466667,34.21979553,5.990133333,6.108333333,0.151940008,1392.9,1422.316667,53.43765838
1/2/1986,1986,2,1,2,1,3,1405.5,15.91666667,338.89,376.04,5.8588,345.7,347.48,321.5,299.1,24.68333333,28.6,27.6,363.76,334.4,269.4,6.0164,6.1018,6.0628,1418.3,1369.5,1388.5,336.09,324.9475,10.01042377,22.36666667,26.04722222,3.344706607,358.8733333,308.8333333,39.0691239,5.909133333,6.091333333,0.168055463,1404.9,1423.733333,52.67962058
1/3/1986,1986,3,1,2,2,3,1445.1,12.65,345.7,413.64,5.6226,340.44,338.89,321.9,313.5,15.91666667,26.5,27.85,376.04,336.82,260.76,5.8588,5.8522,5.994,1405.5,1390.9,1389.9,344.0233333,327.6308333,10.93581311,17.75,24.78055556,5.045609319,384.48,321.5733333,46.23660658,5.8326,6.060383333,0.21519787,1422.966667,1428.333333,51.86037782
1/4/1986,1986,4,2,2,1,3,1434.6,11.9,340.44,418.39,5.188,342.4,345.7,347.48,326.8,12.65,24.68333333,27.8,413.64,363.76,282.72,5.6226,6.0164,6.4446,1445.1,1418.3,1501.8,341.6766667,328.7675,11.5341092,13.48888889,23.45555556,6.147904847,402.69,332.8791667,52.08915844,5.556466667,5.955666667,0.300190035,1428.4,1422.733333,46.56382391
1/5/1986,1986,5,2,2,1,3,1418.74,13.71666667,342.4,413.62,5.0728,342.7,340.44,338.89,316,11.9,15.91666667,26.65,418.39,376.04,272.38,5.188,5.8588,6.2688,1434.6,1405.5,1530.6,342.8466667,330.9675,11.39437032,12.75555556,22.37777778,6.650128477,415.2166667,344.6491667,53.12303292,5.294466667,5.856,0.375796652,1432.813333,1413.411667,31.89199667
1/6/1986,1986,6,2,2,2,3,1413.14,11.85,342.7,432.49,5.1321,348.34,342.4,345.7,316.5,13.71666667,12.65,26.36666667,413.62,413.64,267.8,5.0728,5.6226,6.1771,1418.74,1445.1,1432.4,341.8466667,333.1508333,10.86816908,12.48888889,21.16805556,7.159405971,421.5,358.3733333,52.73657301,5.130966667,5.768916667,0.413782802,1422.16,1411.806667,31.32918864
1/7/1986,1986,7,3,2,5,3,1344.3,9.616666667,348.34,438.8,5.0259,376.66,342.7,340.44,317.2,11.85,11.9,26.38333333,432.49,418.39,268.91,5.1321,5.188,5.9997,1413.14,1434.6,1474.6,344.48,335.7458333,10.42183674,11.72777778,19.77083333,7.667147959,428.3033333,372.5308333,49.22319344,5.076933333,5.687766667,0.457579325,1392.06,1400.948333,30.14511142
1/8/1986,1986,8,3,2,1,3,1303.1,13.7,376.66,540.33,5.1823,417.73,348.34,342.4,330.4,9.616666667,13.71666667,27.01666667,438.8,413.62,307.8,5.0259,5.0728,6.1511,1344.3,1418.74,1420.2,355.9,339.6008333,15.55582408,11.72222222,18.66111111,7.484601476,470.54,391.9083333,64.7462038,5.113433333,5.607033333,0.453849349,1353.513333,1391.19,40.51596094
1/9/1986,1986,9,3,2,4,3,1347,14.08333333,417.73,604.48,5.6299,423.51,376.66,342.7,323.35,13.7,11.85,26.98333333,540.33,432.49,311.15,5.1823,5.1321,6.0549,1303.1,1413.14,1366.4,380.91,347.4658333,26.55970751,12.46666667,17.58611111,7.096996923,527.87,416.3525,83.99533408,5.279366667,5.571616667,0.431767803,1331.466667,1389.573333,41.95649551
1/10/1986,1986,10,4,2,3,3,1316.8,13.95,423.51,581.25,5.6398,397.56,417.73,348.34,325.85,14.08333333,9.616666667,27.81666667,604.48,438.8,323.46,5.6299,5.0259,6.1766,1347,1344.3,1384.7,405.9666667,355.6041667,33.41240936,13.91111111,16.43055556,6.37162996,575.3533333,437.835,90.77022585,5.484,5.526883333,0.389088571,1322.3,1383.915,46.95435937
1/11/1986,1986,11,4,2,3,3,1303.2,14.45,397.56,517.07,5.5513,390.92,423.51,376.66,321.5,13.95,13.7,28.6,581.25,540.33,334.4,5.6398,5.1823,6.1018,1316.8,1303.1,1369.5,412.9333333,361.9425,33.56863285,14.16111111,15.25138889,5.096490466,567.6,453.0575,87.08943409,5.607,5.481008333,0.345108927,1322.333333,1378.39,52.39070181
1/12/1986,1986,12,4,2,1,3,1335.6,15.68333333,390.92,480.61,5.3504,408.26,397.56,417.73,321.9,14.45,14.08333333,26.5,517.07,604.48,336.82,5.5513,5.6299,5.8522,1303.2,1347,1390.9,403.9966667,367.6941667,31.95835058,14.69444444,14.35,3.688084828,526.31,465.04,79.1748841,5.513833333,5.439191667,0.325910413,1318.533333,1373.781667,53.60824662
1/1/1987,1987,1,1,2,2,3,1346,18.06666667,408.26,515.97,5.507,401.12,390.92,423.51,347.48,15.68333333,13.95,24.68333333,480.61,581.25,363.76,5.3504,5.6398,6.0164,1335.6,1316.8,1418.3,398.9133333,372.7591667,33.25360061,16.06666667,13.79861111,2.195225056,504.55,477.7241667,73.46047452,5.469566667,5.396741667,0.272729978,1328.266667,1367.756667,52.19423224
1/2/1987,1987,2,1,2,4,3,1379.83,17.25,401.12,517.86,5.4842,408.91,408.26,397.56,338.89,18.06666667,14.45,15.91666667,515.97,517.07,376.04,5.507,5.5513,5.8588,1346,1303.2,1405.5,400.1,377.945,32.33113262,17,13.90972222,2.341074371,504.8133333,489.5425,66.71240434,5.4472,5.365525,0.233677194,1353.81,1365.6175,51.01952427
1/3/1987,1987,3,1,2,4,3,1465.72,17.75,408.91,532.63,5.6644,438.35,401.12,390.92,345.7,17.25,15.68333333,12.65,517.86,480.61,413.64,5.4842,5.3504,5.6226,1379.83,1335.6,1445.1,406.0966667,383.2125,31.74394148,17.68888889,14.33472222,2.545588959,522.1533333,499.4583333,63.15309822,5.551866667,5.369008333,0.238126866,1397.183333,1367.335833,54.18866125
1/4/1987,1987,4,2,2,2,3,1484.24,17.9,438.35,585.65,7.3495,460.23,408.91,408.26,340.44,17.75,18.06666667,11.9,532.63,515.97,418.39,5.6644,5.507,5.188,1465.72,1346,1434.6,416.1266667,391.3716667,32.32821617,17.63333333,14.83472222,2.612271529,545.38,513.3966667,62.08282962,6.166033333,5.549133333,0.612297572,1443.263333,1371.4725,61.22781084
1/5/1987,1987,5,2,2,1,3,1520.44,18.4,460.23,606.73,8.4602,449.59,438.35,401.12,342.4,17.9,17.25,13.71666667,585.65,517.86,413.62,7.3495,5.4842,5.0728,1484.24,1379.83,1418.74,435.83,401.1908333,33.95518797,18.01666667,15.225,2.774837333,575.0033333,529.4891667,58.81029617,7.158033333,5.831416667,1.018697949,1490.133333,1379.9475,74.05924227
1/6/1987,1987,6,2,2,2,3,1571.87,18.71666667,449.59,569,7.4164,450.52,460.23,408.91,342.7,18.4,17.75,11.85,606.73,532.63,432.49,8.4602,5.6644,5.1321,1520.44,1465.72,1413.14,449.39,410.0983333,31.11807684,18.33888889,15.79722222,2.72311313,587.1266667,540.865,51.02986015,7.742033333,6.021775,1.087260671,1525.516667,1393.175,92.42460706
1/7/1987,1987,7,3,2,4,3,1694.62,19.61666667,450.52,572.35,7.6087,461.15,449.59,438.35,348.34,18.71666667,17.9,9.616666667,569,585.65,438.8,7.4164,7.3495,5.0259,1571.87,1484.24,1344.3,453.4466667,418.6133333,26.28763703,18.91111111,16.63055556,2.123983219,582.6933333,551.9941667,40.15000701,7.828433333,6.237008333,1.127110252,1595.643333,1422.368333,125.12492
1/8/1987,1987,8,3,2,4,3,1756.31,18.81666667,461.15,609.92,7.8424,460.38,450.52,460.23,376.66,19.61666667,18.4,13.7,572.35,606.73,540.33,7.6087,8.4602,5.1823,1694.62,1520.44,1303.1,453.7533333,425.6541667,25.32667349,19.05,17.05694444,1.991655044,583.7566667,557.7933333,43.22040666,7.6225,6.458683333,1.161869489,1674.266667,1460.135833,151.475829
1/9/1987,1987,9,3,2,3,3,1811.01,18.28333333,460.38,590,7.6064,465.35,461.15,449.59,417.73,18.81666667,18.71666667,14.08333333,609.92,569,604.48,7.8424,7.4164,5.6299,1756.31,1571.87,1347,457.35,429.2083333,27.04768544,18.90555556,17.40694444,1.779306674,590.7566667,556.5866667,41.98288728,7.685833333,6.623391667,1.17373427,1753.98,1498.803333,177.0375029
1/10/1987,1987,10,4,2,4,3,1967.2,18.56666667,465.35,568.05,7.6074,467.57,460.38,450.52,423.51,18.28333333,19.61666667,13.95,590,572.35,581.25,7.6064,7.6087,5.6398,1811.01,1694.62,1316.8,462.2933333,432.695,28.88097376,18.55555556,17.79166667,1.428400603,589.3233333,555.4866667,41.44744653,7.6854,6.787358333,1.161205194,1844.84,1553.003333,212.2998728
1/11/1987,1987,11,4,2,5,3,2523.9,17.75,467.57,500.3,6.762,486.24,465.35,461.15,397.56,18.56666667,18.81666667,14.45,568.05,609.92,517.07,7.6074,7.8424,5.5513,1967.2,1756.31,1303.2,464.4333333,438.5291667,28.20149011,18.2,18.06666667,0.970993451,552.7833333,554.0891667,43.10989223,7.325266667,6.88825,1.09474056,2100.703333,1654.728333,337.3488241
1/12/1987,1987,12,4,2,4,3,2868.9,16.63333333,486.24,500.22,6.8125,476.58,467.57,460.38,390.92,17.75,18.28333333,15.68333333,500.3,590,480.61,6.762,7.6064,5.3504,2523.9,1811.01,1335.6,473.0533333,446.4725,26.96984313,17.65,18.14583333,0.778697598,522.8566667,555.7233333,40.35495246,7.060633333,7.010091667,0.983760714,2453.333333,1782.503333,469.8451443
1/1/1988,1988,1,1,2,4,3,2663.2,16.46666667,476.58,494.07,6.7446,442.07,486.24,465.35,408.26,16.63333333,18.56666667,18.06666667,500.22,568.05,515.97,6.8125,7.6074,5.507,2868.9,1967.2,1346,476.7966667,452.1658333,25.33125036,16.95,18.0125,0.918005221,498.1966667,553.8983333,42.7408497,6.773033333,7.113225,0.870172398,2685.333333,1892.27,510.6863351
1/2/1988,1988,2,1,2,4,3,2330.2,15.85,442.07,458.51,6.3414,443.61,476.58,467.57,401.12,16.46666667,17.75,17.25,494.07,500.3,517.86,6.7446,6.762,5.4842,2663.2,2523.9,1379.83,468.2966667,455.5783333,20.03383857,16.31666667,17.89583333,1.095517151,484.2666667,548.9525,50.09193369,6.632833333,7.184658333,0.751359903,2620.766667,1971.4675,497.5144461
1/3/1988,1988,3,1,2,4,3,2359.3,14.78333333,443.61,496.38,6.4105,451.55,442.07,486.24,408.91,15.85,16.63333333,17.75,458.51,500.22,532.63,6.3414,6.8125,5.6644,2330.2,2868.9,1465.72,454.0866667,458.47,14.39655388,15.7,17.64861111,1.418536348,482.9866667,545.9316667,52.21385968,6.498833333,7.246833333,0.636160765,2450.9,2045.9325,481.5524086
1/4/1988,1988,4,2,2,1,3,2286.3,16.46666667,451.55,526.98,6.4803,451.07,443.61,476.58,438.35,14.78333333,16.46666667,17.9,496.38,494.07,585.65,6.4105,6.7446,7.3495,2359.3,2663.2,1484.24,445.7433333,459.57,13.17166518,15.7,17.52916667,1.455312889,493.9566667,541.0425,50.88662159,6.410733333,7.1744,0.67188876,2325.266667,2112.770833,451.2094516
1/5/1988,1988,5,2,2,4,3,2447.99,16.21666667,451.07,548.84,6.5404,451.33,451.55,442.07,460.23,16.46666667,15.85,18.4,526.98,458.51,606.73,6.4803,6.3414,8.4602,2286.3,2330.2,1520.44,448.7433333,458.8066667,13.39349458,15.82222222,17.34722222,1.472917694,524.0666667,536.2183333,46.6618524,6.477066667,7.014416667,0.556557431,2364.53,2190.066667,418.798062
1/6/1988,1988,6,2,2,4,3,2540.27,15.33333333,451.33,579.63,7.0155,437.63,451.07,443.61,449.59,16.21666667,14.78333333,18.71666667,548.84,496.38,569,6.5404,6.4105,7.4164,2447.99,2359.3,1571.87,451.3166667,458.9516667,13.29368943,16.00555556,17.06527778,1.510292271,551.8166667,537.1041667,47.43524954,6.678733333,6.981008333,0.54207808,2424.853333,2270.766667,380.3868079
1/7/1988,1988,7,3,2,5,3,2213.51,14.48333333,437.63,548.64,7.0412,431.28,451.33,451.55,450.52,15.33333333,16.46666667,19.61666667,579.63,526.98,572.35,7.0155,6.4803,7.6087,2540.27,2286.3,1694.62,446.6766667,457.8775,14.50272208,15.34444444,16.6375,1.447623008,559.0366667,535.1283333,46.31423457,6.8657,6.933716667,0.505885657,2400.59,2314.0075,335.8207678
1/8/1988,1988,8,3,2,2,3,2200.68,14.55,431.28,532.88,6.7131,413.46,437.63,451.07,461.15,14.48333333,16.21666667,18.81666667,548.64,548.84,609.92,7.0412,6.5404,7.8424,2213.51,2447.99,1756.31,440.08,455.3883333,16.33731025,14.78888889,16.28194444,1.386414209,553.7166667,528.7083333,39.89959713,6.923266667,6.839608333,0.419069646,2318.153333,2351.038333,290.1242207
1/9/1988,1988,9,3,2,5,3,2435.53,13.1,413.46,512.57,6.3781,406.78,431.28,451.33,460.38,14.55,15.33333333,18.28333333,532.88,579.63,590,6.7131,7.0155,7.6064,2200.68,2540.27,1811.01,427.4566667,451.4783333,20.19359927,14.04444444,15.85,1.508276828,531.3633333,522.2558333,35.05309828,6.7108,6.73725,0.360694632,2283.24,2403.081667,235.2752424
1/10/1988,1988,10,4,2,3,3,2939.51,12.18333333,406.78,525.73,6.2812,420.17,413.46,437.63,465.35,13.1,14.48333333,18.56666667,512.57,548.64,568.05,6.3781,7.0412,7.6074,2435.53,2213.51,1967.2,417.1733333,446.5975,23.3651711,13.27777778,15.31805556,1.586662502,523.7266667,518.7291667,32.02503608,6.457466667,6.626733333,0.258555457,2525.24,2484.1075,238.9140465
1/11/1988,1988,11,4,2,2,3,3304.66,12.53333333,420.17,575.78,6.2947,419.05,406.78,431.28,467.57,12.18333333,14.55,17.75,525.73,532.88,500.3,6.2812,6.7131,6.762,2939.51,2200.68,2523.9,413.47,442.6475,23.50354021,12.60555556,14.88333333,1.57436856,538.0266667,525.0191667,35.31935664,6.318,6.587791667,0.271211388,2893.233333,2549.170833,336.9385231
1/12/1988,1988,12,4,2,4,3,3498.91,14.65,419.05,564.11,6.1245,404.01,420.17,413.46,486.24,12.53333333,13.1,16.63333333,575.78,512.57,500.22,6.2947,6.3781,6.8125,3304.66,2435.53,2868.9,415.3333333,437.0483333,19.9018235,13.12222222,14.71805556,1.474915823,555.2066667,530.3433333,36.04915844,6.233466667,6.530458333,0.291362285,3247.693333,2601.671667,428.0510745
1/1/1989,1989,1,1,2,3,3,3394.06,16.48333333,404.01,526.93,5.995,387.51,419.05,406.78,476.58,14.65,12.18333333,16.46666667,564.11,525.73,494.07,6.1245,6.2812,6.7446,3498.91,2939.51,2663.2,414.41,431.0008333,17.70161804,14.55555556,14.71944444,1.476718881,555.6066667,533.0816667,34.24626664,6.138066667,6.467991667,0.320205296,3399.21,2662.576667,485.7127334
1/2/1989,1989,2,1,2,5,3,3096.92,16.35,387.51,531.94,5.8847,390.15,404.01,420.17,442.07,16.48333333,12.53333333,15.85,526.93,575.78,458.51,5.995,6.2947,6.3414,3394.06,3304.66,2330.2,403.5233333,426.4541667,21.25105365,15.82777778,14.76111111,1.517995311,540.9933333,539.2008333,25.030734,6.0014,6.429933333,0.361143163,3329.963333,2726.47,488.4369355
1/3/1989,1989,3,1,2,5,3,3264.14,18.03333333,390.15,538.03,5.9592,384.4,387.51,419.05,443.61,16.35,14.65,14.78333333,531.94,564.11,496.38,5.8847,6.1245,6.4105,3096.92,3498.91,2359.3,393.89,421.9991667,22.86956233,16.95555556,15.03194444,1.788197252,532.3,542.6716667,21.13829134,5.9463,6.392325,0.385994324,3251.706667,2801.873333,496.3800145
1/4/1989,1989,4,2,2,2,3,3117.91,19.2,384.4,537.67,5.7926,371.05,390.15,404.01,451.55,18.03333333,16.48333333,16.46666667,538.03,526.93,526.98,5.9592,5.995,6.4803,3264.14,3394.06,2286.3,387.3533333,416.4033333,23.19457434,17.86111111,15.25972222,2.129144305,535.88,543.5625,20.6361691,5.878833333,6.335016667,0.421191744,3159.656667,2871.174167,475.4668857
1/5/1989,1989,5,2,2,4,3,2738.98,18.01666667,371.05,516.75,5.4531,367.6,384.4,387.51,451.07,19.2,16.35,16.21666667,537.67,531.94,548.84,5.7926,5.8847,6.5404,3117.91,3096.92,2447.99,381.8666667,409.735,23.81637729,18.41666667,15.40972222,2.261954308,530.8166667,540.8883333,21.92883193,5.734966667,6.244408333,0.485096391,3040.343333,2895.423333,459.0593691
1/6/1989,1989,6,2,2,5,3,2546.01,17.63333333,367.6,497.35,5.2707,375.04,371.05,390.15,451.33,18.01666667,18.03333333,15.33333333,516.75,538.03,579.63,5.4531,5.9592,7.0155,2738.98,3264.14,2540.27,374.35,402.7575,22.76441846,18.28333333,15.60138889,2.350601238,517.2566667,534.0316667,21.57463487,5.505466667,6.099008333,0.494362328,2800.966667,2895.901667,458.6584776
1/7/1989,1989,7,3,2,5,3,2505,17.66666667,375.04,501.91,5.2167,365.14,367.6,384.4,437.63,17.63333333,19.2,14.48333333,497.35,537.67,548.64,5.2707,5.7926,7.0412,2546.01,3117.91,2213.51,371.23,397.5416667,21.16196366,17.77222222,15.86666667,2.39221169,505.3366667,530.1375,22.87622272,5.3135,5.946966667,0.457431373,2596.663333,2920.1925,425.7729635
1/8/1989,1989,8,3,2,2,3,2762.2,16.88333333,365.14,484.64,5.1823,361.75,375.04,371.05,431.28,17.66666667,18.01666667,14.55,501.91,516.75,532.88,5.2167,5.4531,6.7131,2505,2738.98,2200.68,369.26,392.03,20.16560303,17.39444444,16.06111111,2.370188729,494.6333333,526.1175,26.32854245,5.223233333,5.8194,0.437363365,2604.403333,2966.985833,366.1962688
1/9/1989,1989,9,3,2,3,3,2884.4,17.66666667,361.75,477.67,5.1338,366.88,365.14,367.6,413.46,16.88333333,17.63333333,13.1,484.64,497.35,512.57,5.1823,5.2707,6.3781,2762.2,2546.01,2435.53,367.31,387.7208333,20.68810262,17.40555556,16.44166667,2.212926898,488.0733333,523.2091667,29.67588291,5.1776,5.715708333,0.4403544,2717.2,3004.391667,327.8970932
1/10/1989,1989,10,4,2,4,3,2861.4,18.41666667,366.88,485.82,5.1449,394.26,361.75,375.04,406.78,17.66666667,17.66666667,12.18333333,477.67,501.91,525.73,5.1338,5.2167,6.2812,2884.4,2505,2939.51,364.59,384.3958333,20.55235994,17.65555556,16.96111111,1.819012016,482.71,519.8833333,31.54520489,5.153666667,5.621016667,0.429743598,2836,2997.8825,330.0702537
1/11/1989,1989,11,4,2,3,3,2591.3,18.36666667,394.26,510.19,5.4833,409.39,366.88,365.14,420.17,18.41666667,16.88333333,12.53333333,485.82,484.64,575.78,5.1449,5.1823,6.2947,2861.4,2762.2,3304.66,374.2966667,382.2366667,17.60155279,18.15,17.44722222,1.203463716,491.2266667,514.4175,26.21089091,5.254,5.5534,0.374375558,2779.033333,2938.435833,334.0114474
1/12/1989,1989,12,4,2,5,3,2418.6,19.35,409.39,506.81,5.5688,410.11,394.26,361.75,419.05,18.36666667,17.66666667,14.65,510.19,477.67,564.11,5.4833,5.1338,6.1245,2591.3,2884.4,3498.91,390.1766667,381.4316667,15.90387879,18.71111111,17.83888889,0.948053118,500.94,509.6425,21.04549363,5.399,5.507091667,0.328920555,2623.766667,2848.41,314.2150843
1/1/1990,1990,1,1,2,5,4,2366.64,20.35,410.11,497.66,5.2462,416.81,409.39,366.88,404.01,19.35,18.41666667,16.48333333,506.81,485.82,526.93,5.5688,5.1449,5.995,2418.6,2861.4,3394.06,404.5866667,381.94,16.76530996,19.35555556,18.16111111,1.091665703,504.8866667,507.2033333,20.55009194,5.432766667,5.444691667,0.297468233,2458.846667,2762.791667,291.1489362
1/2/1990,1990,2,1,2,3,4,2360.16,19.6,416.81,516.1,5.2893,393.06,410.11,394.26,387.51,20.35,18.36666667,16.35,497.66,510.19,531.94,5.2462,5.4833,5.8847,2366.64,2591.3,3096.92,412.1033333,384.3816667,19.55222137,19.76666667,18.43194444,1.000869782,506.8566667,505.8833333,19.28661398,5.3681,5.395075,0.265322843,2381.8,2701.395,291.9652285
1/3/1990,1990,3,1,2,4,4,2625.61,18.21666667,393.06,497.06,5.0766,374.24,416.81,409.39,390.15,19.6,19.35,18.03333333,516.1,506.81,538.03,5.2893,5.5688,5.9592,2360.16,2418.6,3264.14,406.66,384.6241667,19.648079,19.38888889,18.44722222,0.995617501,503.6066667,502.4691667,16.50419476,5.204033333,5.321525,0.21162411,2450.803333,2648.184167,232.1373729
1/4/1990,1990,4,2,2,3,4,2686.15,16.55,374.24,478.15,5.0655,369.05,393.06,410.11,384.4,18.21666667,20.35,19.2,497.06,497.66,537.67,5.0766,5.2462,5.7926,2625.61,2366.64,3117.91,394.7033333,383.7775,19.87619779,18.12222222,18.22638889,1.101708002,497.1033333,497.5091667,13.66274594,5.1438,5.260933333,0.162987269,2557.306667,2612.204167,180.411066
1/5/1990,1990,5,2,2,1,4,2741.95,16.58333333,369.05,488.55,5.0791,352.33,374.24,416.81,371.05,16.55,19.6,18.01666667,478.15,516.1,516.75,5.0655,5.2893,5.4531,2686.15,2360.16,2738.98,378.7833333,383.6108333,20.00061884,17.11666667,18.10694444,1.199841284,487.92,495.1591667,12.42125704,5.073733333,5.229766667,0.158599652,2684.57,2612.451667,180.6027319
1/6/1990,1990,6,2,2,2,4,2584.56,15.26666667,352.33,481.11,4.9182,362.53,369.05,393.06,367.6,16.58333333,18.21666667,17.63333333,488.55,497.06,497.35,5.0791,5.0766,5.2707,2741.95,2625.61,2546.01,365.2066667,382.3383333,21.53851722,16.13333333,17.90972222,1.452644025,482.6033333,493.8058333,13.03061113,5.020933333,5.200391667,0.181342446,2670.886667,2615.664167,179.6538142
1/7/1990,1990,7,3,2,1,4,2769.49,17.16666667,362.53,478.79,4.8749,394.73,352.33,374.24,375.04,15.26666667,16.55,17.66666667,481.11,478.15,501.91,4.9182,5.0655,5.2167,2584.56,2686.15,2505,361.3033333,381.2958333,22.21598051,16.33888889,17.86805556,1.467345888,482.8166667,491.8791667,13.42662989,4.9574,5.171908333,0.203978423,2698.666667,2637.705,181.061685
1/8/1990,1990,8,3,2,4,4,2957.03,26.4,394.73,492.73,5.008,389.32,362.53,369.05,365.14,17.16666667,16.58333333,16.88333333,478.79,488.55,484.64,4.8749,5.0791,5.1823,2769.49,2741.95,2762.2,369.8633333,383.7616667,21.89966701,19.61111111,18.66111111,2.827805064,484.21,492.5533333,13.23178909,4.9337,5.157383333,0.20930739,2770.36,2653.940833,200.8895886
1/9/1990,1990,9,3,2,4,4,3031.37,32.7,389.32,461.66,4.8038,380.74,394.73,352.33,361.75,26.4,15.26666667,17.66666667,492.73,481.11,477.67,5.008,4.9182,5.1338,2957.03,2584.56,2884.4,382.1933333,386.0591667,20.7990146,25.42222222,19.91388889,4.910372619,477.7266667,491.2191667,15.48432372,4.895566667,5.129883333,0.23302271,2919.296667,2666.188333,219.8065737
1/10/1990,1990,10,4,2,5,4,2743.56,34.5,380.74,424.95,4.3891,381.73,389.32,362.53,366.88,32.7,17.16666667,18.41666667,461.66,478.79,485.82,4.8038,4.8749,5.1449,3031.37,2769.49,2861.4,388.2633333,387.2141667,20.00689402,31.2,21.25416667,6.425702512,459.78,486.1466667,24.66336161,4.733633333,5.0669,0.315972821,2910.653333,2656.368333,212.8135803
1/11/1990,1990,11,4,2,5,4,2585.89,31.08333333,381.73,422.24,4.1729,376.95,380.74,394.73,394.26,34.5,26.4,18.36666667,424.95,492.73,510.19,4.3891,5.008,5.4833,2743.56,2957.03,2591.3,383.93,386.17,19.93257453,32.76111111,22.31388889,6.934661999,436.2833333,478.8175,29.46874373,4.455266667,4.9577,0.379111212,2786.94,2655.9175,212.9696282
1/12/1990,1990,12,4,2,5,4,2485.38,26.13333333,376.95,420.07,4.0751,383.64,381.73,389.32,409.39,31.08333333,32.7,19.35,422.24,461.66,506.81,4.1729,4.8038,5.5688,2585.89,3031.37,2418.6,379.8066667,383.4666667,18.65604135,30.57222222,22.87916667,6.947556525,422.42,471.5891667,32.46421595,4.212366667,4.833225,0.40458617,2604.943333,2661.4825,206.9933025
1/1/1991,1991,1,1,2,1,4,2448.52,22.58333333,383.64,407.84,4.0517,363.83,376.95,380.74,410.11,26.13333333,34.5,20.35,420.07,424.95,497.66,4.0751,4.3891,5.2462,2485.38,2743.56,2366.64,380.7733333,381.2608333,16.67960402,26.6,23.06527778,6.903419071,416.7166667,464.1041667,36.06199673,4.0999,4.733683333,0.439205907,2506.596667,2668.305833,197.5234698
1/2/1991,1991,2,1,2,1,4,2449.38,18.13333333,363.83,386.79,3.7376,363.34,383.64,381.73,416.81,22.58333333,31.08333333,19.6,407.84,422.24,516.1,4.0517,4.1729,5.2893,2448.52,2585.89,2360.16,374.8066667,376.8458333,13.02614536,22.28333333,22.94305556,6.982873921,404.9,453.3283333,38.35910982,3.9548,4.604375,0.486615818,2461.093333,2675.740833,186.2261693
1/3/1991,1991,3,1,2,1,4,2409.63,18.06666667,363.34,399.99,3.9428,358.38,363.83,376.95,393.06,18.13333333,26.13333333,18.21666667,386.79,420.07,497.06,3.7376,4.0751,5.0766,2449.38,2485.38,2625.61,370.27,374.3691667,12.47683997,19.59444444,22.93055556,6.992231741,398.2066667,445.2391667,38.53326555,3.9107,4.509891667,0.496561296,2435.843333,2657.7425,201.3356859
1/4/1991,1991,4,2,2,5,4,2472.04,18.46666667,358.38,396.88,3.9755,356.95,363.34,383.64,374.24,18.06666667,22.58333333,16.55,399.99,407.84,478.15,3.9428,4.0517,5.0655,2409.63,2448.52,2686.15,361.85,373.0475,13.30434661,18.22222222,23.09027778,6.853751676,394.5533333,438.4666667,39.35620901,3.8853,4.419058333,0.485252496,2443.683333,2639.9,207.9673964
1/5/1991,1991,5,2,2,5,4,2305.88,18.81666667,356.95,389.64,4.0462,366.72,358.38,363.83,369.05,18.46666667,18.13333333,16.58333333,396.88,386.79,488.55,3.9755,3.7376,5.0791,2472.04,2449.38,2741.95,359.5566667,372.0391667,14.07128182,18.45,23.27638889,6.689345736,395.5033333,430.2241667,38.25567158,3.988166667,4.332983333,0.44768407,2395.85,2603.560833,225.8445875
1/6/1991,1991,6,2,2,3,4,2219.28,17.93333333,366.72,376.05,4.3898,367.69,356.95,363.34,352.33,18.81666667,18.06666667,15.26666667,389.64,399.99,481.11,4.0462,3.9428,4.9182,2305.88,2409.63,2584.56,360.6833333,373.2383333,12.79416403,18.40555556,23.49861111,6.438667354,387.5233333,421.4691667,37.56707031,4.137166667,4.28895,0.409224729,2332.4,2573.120833,251.7674177
1/7/1991,1991,7,3,2,2,4,2236.28,19.05,367.69,376.03,4.3475,356.31,366.72,358.38,362.53,17.93333333,18.46666667,17.16666667,376.05,396.88,478.79,4.3898,3.9755,4.8749,2219.28,2472.04,2769.49,363.7866667,373.6683333,12.48451319,18.6,23.65555556,6.291566157,380.5733333,412.9058333,34.93266808,4.261166667,4.245,0.366683557,2253.813333,2528.686667,260.8488441
1/8/1991,1991,8,3,2,3,4,2233.19,19.36666667,356.31,346.35,3.9573,348.74,367.69,356.95,394.73,19.05,18.81666667,26.4,376.03,389.64,492.73,4.3475,4.0462,5.008,2236.28,2305.88,2957.03,363.5733333,370.4666667,11.4780568,18.78333333,23.06944444,6.340075492,366.1433333,400.7075,29.68837181,4.231533333,4.157441667,0.284066236,2229.583333,2468.366667,235.2255309
1/9/1991,1991,9,3,2,3,4,2324.57,20.05,348.74,349.34,4.0375,358.69,356.31,366.72,389.32,19.36666667,17.93333333,32.7,346.35,376.05,461.66,3.9573,4.3898,4.8038,2233.19,2219.28,3031.37,357.58,367.085,11.39607389,19.48888889,22.01527778,5.601918225,357.24,391.3475,26.22887241,4.1141,4.093583333,0.198929443,2264.68,2409.466667,156.8774166
1/10/1991,1991,10,4,2,5,4,2363.64,21.46666667,358.69,362.48,4.1154,360.17,348.74,367.69,380.74,20.05,19.05,34.5,349.34,376.03,424.95,4.0375,4.3475,4.3891,2324.57,2236.28,2743.56,354.58,365.2475,10.75375463,20.29444444,20.92916667,3.994011458,352.7233333,386.1416667,25.1296409,4.036733333,4.070775,0.176379081,2307.133333,2377.806667,116.4510131
1/11/1991,1991,11,4,2,3,4,2379.84,20.76666667,360.17,365.11,4.0723,361.73,358.69,356.31,381.73,21.46666667,19.36666667,31.08333333,362.48,346.35,422.24,4.1154,3.9573,4.1729,2363.64,2233.19,2585.89,355.8666667,363.4508333,9.474596138,20.76111111,20.06944444,2.403089692,358.9766667,381.3808333,22.98960692,4.075066667,4.062391667,0.173450236,2356.016667,2360.635833,96.45377305
1/12/1991,1991,12,4,2,3,4,2223.14,17.75,361.73,353.3,3.9427,354.45,360.17,348.74,376.95,20.76666667,20.05,26.13333333,365.11,349.34,420.07,4.0723,4.0375,4.0751,2379.84,2324.57,2485.38,360.1966667,362.1825,8.468537627,19.99444444,19.37083333,1.54553977,360.2966667,375.8166667,20.74499823,4.043466667,4.051358333,0.176748051,2322.206667,2338.7825,95.32233003
1/1/1992,1992,1,1,2,4,4,2139.23,17.38333333,354.45,341.19,4.11,353.91,361.73,358.69,383.64,17.75,21.46666667,22.58333333,353.3,362.48,407.84,3.9427,4.1154,4.0517,2223.14,2363.64,2448.52,358.7833333,359.75,5.370288633,18.63333333,18.9375,1.26678877,353.2,370.2625,20.30949492,4.041666667,4.056216667,0.177557698,2247.403333,2313.008333,104.3407887
1/2/1992,1992,2,1,2,4,4,2205.97,17.61666667,353.91,362.12,4.1457,344.34,354.45,360.17,363.83,17.38333333,20.76666667,18.13333333,341.19,365.11,386.79,4.11,4.0723,3.7376,2139.23,2379.84,2449.38,356.6966667,358.9233333,5.448091131,17.58333333,18.89444444,1.304814963,352.2033333,368.2066667,19.72459486,4.066133333,4.090225,0.14752688,2189.446667,2292.724167,98.93965392
1/3/1992,1992,3,1,2,2,4,2227.33,17.45,344.34,356.94,4.1101,338.62,353.91,361.73,363.34,17.61666667,17.75,18.06666667,362.12,353.3,399.99,4.1457,3.9427,3.9428,2205.97,2223.14,2409.63,350.9,357.34,6.67139075,17.48333333,18.84305556,1.351681675,353.4166667,364.6191667,17.16754785,4.121933333,4.104166667,0.140043638,2190.843333,2277.5325,93.18583029
1/4/1992,1992,4,2,2,2,4,2215.33,18.63333333,338.62,347.3,4.0505,337.24,344.34,354.45,358.38,17.45,17.38333333,18.46666667,356.94,341.19,396.88,4.1101,4.11,3.9755,2227.33,2139.23,2472.04,345.6233333,355.6933333,8.562076355,17.9,18.85694444,1.348314667,355.4533333,360.4875,14.44839036,4.1021,4.110416667,0.135375128,2216.21,2256.14,71.39130543
1/5/1992,1992,5,2,2,1,4,2216.52,19.5,337.24,358.59,4.0715,340.81,338.62,353.91,356.95,18.63333333,17.61666667,18.81666667,347.3,362.12,389.64,4.0505,4.1457,4.0462,2215.33,2205.97,2305.88,340.0666667,354.0508333,10.05879666,18.52777778,18.91388889,1.360830728,354.2766667,357.9,11.15879677,4.077366667,4.112525,0.134478137,2219.726667,2248.693333,70.38475175
1/6/1992,1992,6,2,2,3,4,2299.2,20.83333333,340.81,369.13,4.0639,352.72,337.24,344.34,366.72,19.5,17.45,17.93333333,358.59,356.94,376.05,4.0715,4.1101,4.3898,2216.52,2227.33,2219.28,338.89,351.8916667,9.871175516,19.65555556,19.15555556,1.426770269,358.34,357.3233333,10.27975091,4.061966667,4.085366667,0.102496176,2243.683333,2255.353333,71.12579002
1/7/1992,1992,7,3,2,2,4,2520.32,20.16666667,352.72,383.12,3.9675,343.06,340.81,338.62,367.69,20.83333333,18.63333333,19.05,369.13,347.3,376.03,4.0639,4.0505,4.3475,2299.2,2215.33,2236.28,343.59,350.6441667,8.550730387,20.16666667,19.24861111,1.455388079,370.28,357.9141667,11.57483827,4.0343,4.0537,0.066541484,2345.346667,2279.023333,103.9090396
1/8/1992,1992,8,3,2,1,4,2521.64,19.61666667,343.06,359.55,3.8123,345.43,352.72,337.24,356.31,20.16666667,19.5,19.36666667,383.12,358.59,346.35,3.9675,4.0715,3.9573,2520.32,2216.52,2233.19,345.53,349.54,8.607885391,20.20555556,19.26944444,1.459016435,370.6,359.0141667,10.98830656,3.9479,4.041616667,0.093387938,2447.053333,2303.060833,123.8020815
1/9/1992,1992,9,3,2,3,4,2414.06,20.15,345.43,362.14,3.7719,344.38,343.06,340.81,348.74,19.61666667,20.83333333,20.05,359.55,369.13,349.34,3.8123,4.0639,4.0375,2521.64,2299.2,2324.57,347.07,349.2641667,8.688506994,19.97777778,19.27777778,1.464156484,368.27,360.0808333,10.57741888,3.850566667,4.019483333,0.121649981,2485.34,2310.518333,127.8448308
1/10/1992,1992,10,4,2,5,4,2249.15,20.08333333,344.38,358.07,3.7525,335.02,345.43,352.72,358.69,20.15,20.16666667,21.46666667,362.14,383.12,362.48,3.7719,3.9675,4.1154,2414.06,2520.32,2363.64,344.29,348.0716667,8.248061848,19.95,19.1625,1.323889376,359.92,359.7133333,10.56308524,3.7789,3.989241667,0.13944412,2394.95,2300.9775,127.7921392
1/11/1992,1992,11,4,2,3,4,2158.32,18.88333333,335.02,356.11,3.771,334.82,344.38,343.06,360.17,20.08333333,19.61666667,20.76666667,358.07,359.55,365.11,3.7525,3.8123,4.0723,2249.15,2521.64,2379.84,341.61,345.9758333,8.088161335,19.70555556,19.00555556,1.224318679,358.7733333,358.9633333,10.46412254,3.765133333,3.964133333,0.149865663,2273.843333,2282.5175,131.3156324
1/12/1992,1992,12,4,2,2,4,2206.82,17.93333333,334.82,361.97,3.7252,329.01,335.02,345.43,361.73,18.88333333,20.15,17.75,356.11,362.14,353.3,3.771,3.7719,3.9427,2158.32,2414.06,2223.14,338.0733333,343.7333333,6.977333866,18.96666667,19.02083333,1.208265411,358.7166667,359.6858333,10.3360758,3.749566667,3.946008333,0.165074212,2204.763333,2281.1575,132.0688447
1/1/1993,1993,1,1,2,1,4,2256.85,17.21666667,329.01,359.14,3.6835,329.31,334.82,344.38,354.45,17.93333333,20.08333333,17.38333333,361.97,358.07,341.19,3.7252,3.7525,4.11,2206.82,2249.15,2139.23,332.95,341.6133333,7.283305111,18.01111111,19.00694444,1.229569571,359.0733333,361.1816667,8.562768067,3.726566667,3.910466667,0.172311369,2207.33,2290.959167,124.7391987
1/2/1993,1993,2,1,2,1,4,2212.6,18.16666667,329.31,359.02,3.6555,330.08,329.01,335.02,353.91,17.21666667,18.88333333,17.61666667,359.14,356.11,362.12,3.6835,3.771,4.1457,2256.85,2158.32,2205.97,331.0466667,339.5633333,6.96253524,17.77222222,19.05277778,1.182379755,360.0433333,360.9233333,8.578633429,3.688066667,3.869616667,0.169558758,2225.423333,2291.511667,124.342592
1/3/1993,1993,3,1,2,3,4,2152.59,18.46666667,330.08,350.46,3.647,342.15,329.31,334.82,344.34,18.16666667,17.93333333,17.45,359.02,361.97,356.94,3.6555,3.7252,4.1101,2212.6,2206.82,2227.33,329.4666667,338.375,7.282714903,17.95,19.1375,1.089901418,356.2066667,360.3833333,9.043519361,3.662,3.831025,0.162398512,2207.346667,2285.283333,129.6100163
1/4/1993,1993,4,2,2,3,4,1949.88,18.43333333,342.15,368.01,3.9516,367.18,330.08,329.01,338.62,18.46666667,17.21666667,18.63333333,350.46,359.14,347.3,3.647,3.6835,4.0505,2152.59,2256.85,2215.33,333.8466667,338.6691667,7.364345874,18.35555556,19.12083333,1.099796239,359.1633333,362.1091667,8.262115576,3.751366667,3.822783333,0.152452674,2105.023333,2263.1625,161.3906248
1/5/1993,1993,5,2,2,2,4,1794.5,18.16666667,367.18,385.16,4.464,371.89,342.15,329.31,337.24,18.43333333,18.16666667,19.5,368.01,359.02,358.59,3.9516,3.6555,4.0715,1949.88,2212.6,2216.52,346.47,341.1641667,11.00699898,18.35555556,19.00972222,1.125069208,367.8766667,364.3233333,10.49248245,4.020866667,3.855491667,0.23201113,1965.656667,2227.994167,210.8734104
1/6/1993,1993,6,2,2,2,4,1853.42,17.46666667,371.89,383.02,4.3757,392.19,367.18,330.08,340.81,18.16666667,18.46666667,20.83333333,385.16,350.46,369.13,4.464,3.647,4.0639,1794.5,2152.59,2299.2,360.4066667,343.7541667,14.12975098,18.02222222,18.72916667,1.045966881,378.73,365.4808333,11.76047963,4.263766667,3.881475,0.271561458,1865.933333,2190.845833,235.0665475
1/7/1993,1993,7,3,2,2,4,1927.16,16.31666667,392.19,403.65,5.0194,378.84,371.89,342.15,352.72,17.46666667,18.43333333,20.16666667,383.02,368.01,383.12,4.3757,3.9516,3.9675,1853.42,1949.88,2520.32,377.0866667,347.0433333,19.84478147,17.31666667,18.40833333,1.150219566,390.61,367.1916667,15.46849986,4.6197,3.969133333,0.42709027,1858.36,2141.415833,221.4571973
1/8/1993,1993,8,3,2,3,4,1947.45,16.48333333,378.84,391.9,4.8377,355.28,392.19,367.18,343.06,16.31666667,18.16666667,19.61666667,403.65,385.16,359.55,5.0194,4.464,3.8123,1927.16,1794.5,2521.64,380.9733333,350.025,21.78499463,16.75555556,18.14722222,1.205308824,392.8566667,369.8875,16.77908824,4.744266667,4.054583333,0.490700614,1909.343333,2093.566667,191.893438
1/9/1993,1993,9,3,2,3,4,1861.86,15.9,355.28,362.46,4.2185,364.18,378.84,371.89,345.43,16.48333333,17.46666667,20.15,391.9,383.02,362.14,4.8377,4.3757,3.7719,1947.45,1853.42,2414.06,375.4366667,350.8458333,21.78168891,16.23333333,17.79305556,1.18759281,386.0033333,369.9141667,16.76590504,4.691866667,4.0918,0.484204677,1912.156667,2047.55,173.3665603
1/10/1993,1993,10,4,2,3,4,1646.4,16.51666667,364.18,367.91,4.343,373.83,355.28,392.19,344.38,15.9,16.31666667,20.08333333,362.46,403.65,358.07,4.2185,5.0194,3.7525,1861.86,1927.16,2249.15,366.1,352.4958333,21.99624904,16.3,17.49583333,0.992602054,374.09,370.7341667,16.3699139,4.4664,4.141008333,0.476532484,1818.57,1997.320833,195.5455629
1/11/1993,1993,11,4,2,3,4,1630.02,15.2,373.83,374.41,4.5332,383.3,364.18,378.84,335.02,16.51666667,16.48333333,18.88333333,367.91,391.9,356.11,4.343,4.8377,3.771,1646.4,1947.45,2158.32,364.43,355.73,22.04625014,15.87222222,17.18888889,1.089326855,368.26,372.2591667,15.72332631,4.3649,4.204525,0.473517881,1712.76,1953.295833,214.550164
1/12/1993,1993,12,4,2,4,4,1724.19,13.76666667,383.3,383.17,4.9717,386.88,373.83,355.28,334.82,15.2,15.9,17.93333333,374.41,362.46,361.97,4.5332,4.2185,3.7252,1630.02,1861.86,2206.82,373.77,359.77,22.30659544,15.16111111,16.84166667,1.438547598,375.1633333,374.0258333,15.65299533,4.615966667,4.3084,0.495042318,1666.87,1913.076667,207.8359285
1/1/1994,1994,1,1,2,4,4,1805.35,14.13333333,386.88,387.8,5.1458,381.91,383.3,364.18,329.01,13.76666667,16.51666667,17.21666667,383.17,367.91,359.14,4.9717,4.343,3.6835,1724.19,1646.4,2256.85,381.3366667,364.5925,21.28405854,14.36666667,16.58472222,1.62832346,381.7933333,376.4141667,15.35894436,4.883566667,4.430258333,0.507066534,1719.853333,1875.451667,178.7814175
1/2/1994,1994,2,1,2,4,4,1866.4,13.78333333,381.91,394.02,5.2473,384.13,386.88,373.83,329.31,14.13333333,15.2,18.16666667,387.8,374.41,359.02,5.1458,4.5332,3.6555,1805.35,1630.02,2212.6,384.03,368.9758333,18.60498538,13.89444444,16.21944444,1.729684874,388.33,379.3308333,15.07615182,5.1216,4.562908333,0.494003635,1798.646667,1846.601667,143.9746858
1/3/1994,1994,3,1,2,2,4,1914.87,13.61666667,384.13,400.28,5.435,377.27,381.91,383.3,330.08,13.78333333,13.76666667,18.46666667,394.02,383.17,350.46,5.2473,4.9717,3.647,1866.4,1724.19,2152.59,384.3066667,373.48,14.39985164,13.84444444,15.81527778,1.723478077,394.0333333,383.4825,13.13807937,5.276033333,4.711908333,0.461192063,1862.206667,1826.791667,110.5105028
1/4/1994,1994,4,2,2,1,4,1881.82,15.08333333,377.27,397.9,5.352,381.43,384.13,386.88,342.15,13.61666667,14.13333333,18.43333333,400.28,387.8,368.01,5.435,5.1458,3.9516,1914.87,1805.35,1949.88,381.1033333,376.4066667,10.49209082,14.16111111,15.53611111,1.520181298,397.4,385.9733333,12.76613228,5.344766667,4.828608333,0.427242874,1887.696667,1821.12,105.2398341
1/5/1994,1994,5,2,2,2,4,2150.6,16.28333333,381.43,398.01,5.4195,385.64,377.27,381.91,367.18,15.08333333,13.78333333,18.16666667,397.9,394.02,385.16,5.352,5.2473,4.464,1881.82,1866.4,1794.5,380.9433333,377.5941667,10.15383623,14.99444444,15.37916667,1.306048961,398.73,387.0441667,13.22248461,5.402166667,4.908233333,0.441900158,1982.43,1850.795,141.1352762
1/6/1994,1994,6,2,2,4,4,2364.2,17.16666667,385.64,401.09,5.3876,385.49,381.43,384.13,371.89,16.28333333,13.61666667,17.46666667,398.01,400.28,383.02,5.4195,5.435,4.3757,2150.6,1914.87,1853.42,381.4466667,378.74,10.22717859,16.17777778,15.35416667,1.264673971,399,388.55,13.74129873,5.386366667,4.992558333,0.4273497,2132.206667,1893.36,204.7053938
1/7/1994,1994,7,3,2,4,4,2458.19,17.88333333,385.49,411.95,5.2823,380.36,385.64,377.27,392.19,17.16666667,15.08333333,16.31666667,401.09,397.9,403.65,5.3876,5.352,5.0194,2364.2,1881.82,1927.16,384.1866667,378.1816667,9.589132896,17.11111111,15.48472222,1.441563025,403.6833333,389.2416667,14.74284223,5.363133333,5.014466667,0.435511767,2324.33,1937.6125,262.0441262
1/8/1994,1994,8,3,2,3,4,2406.23,17,380.36,412.19,5.1972,391.58,385.49,381.43,378.84,17.88333333,16.28333333,16.48333333,411.95,398.01,391.9,5.2823,5.4195,4.8377,2458.19,2150.6,1947.45,383.83,378.3083333,9.608638948,17.35,15.52777778,1.481269135,408.41,390.9325,16.16988678,5.289033333,5.044425,0.434610639,2409.54,1975.844167,295.0044723
1/9/1994,1994,9,3,2,4,4,2505.93,16.2,391.58,417.28,5.5237,389.77,380.36,385.64,355.28,17,17.16666667,15.9,412.19,401.09,362.46,5.1972,5.3876,4.2185,2406.23,2364.2,1861.86,385.81,381.3333333,7.081415284,17.02777778,15.55277778,1.49062446,413.8066667,395.5008333,15.10324797,5.3344,5.153191667,0.367218123,2456.783333,2029.516667,329.0114365
1/10/1994,1994,10,4,2,4,4,2547.67,16.46666667,389.77,419.4,5.4541,384.39,391.58,385.49,364.18,16.2,17.88333333,16.51666667,417.28,411.95,367.91,5.5237,5.2823,4.343,2505.93,2458.19,1646.4,387.2366667,383.4658333,4.990724958,16.55555556,15.54861111,1.487752327,416.29,399.7916667,13.81096457,5.391666667,5.245783333,0.272129203,2486.61,2104.6225,336.3909578
1/11/1994,1994,11,4,2,4,4,2802.45,17.08333333,384.39,412.37,5.1924,379.29,389.77,380.36,373.83,16.46666667,17,15.2,419.4,412.19,374.41,5.4541,5.1972,4.5332,2547.67,2406.23,1630.02,388.58,384.3458333,3.962238711,16.58333333,15.70555556,1.545837247,416.35,402.955,11.64659724,5.390066667,5.300716667,0.157670559,2618.683333,2202.325,355.7212885
1/12/1994,1994,12,4,2,1,4,2985.3,15.94,379.29,410.85,4.7795,378.55,384.39,391.58,383.3,17.08333333,16.2,13.76666667,412.37,417.28,383.17,5.1924,5.5237,4.9717,2802.45,2505.93,1724.19,384.4833333,384.0116667,4.219224042,16.49666667,15.88666667,1.420236856,414.2066667,405.2616667,9.99596176,5.142,5.2847,0.198585109,2778.473333,2307.4175,386.5720626
1/1/1995,1995,1,1,2,4,4,3008.93,16.9,378.55,413.9,4.7731,376.64,379.29,389.77,386.88,15.94,16.46666667,14.13333333,410.85,419.4,387.8,4.7795,5.4541,5.1458,2985.3,2547.67,1805.35,380.7433333,383.3175,4.386346844,16.64111111,16.11722222,1.33152668,412.3733333,407.4366667,8.592043183,4.915,5.253641667,0.245812643,2932.226667,2407.715833,400.3576243
1/2/1995,1995,2,1,2,5,4,2877.65,17.41666667,376.64,413.97,4.7215,382.12,378.55,384.39,381.91,16.9,17.08333333,13.78333333,413.9,412.37,394.02,4.7731,5.1924,5.2473,3008.93,2802.45,1866.4,378.16,382.8783333,4.78571707,16.75222222,16.42,1.1538088,412.9066667,409.0991667,7.637026383,4.758033333,5.209825,0.289946412,2957.293333,2491.986667,382.0691168
1/3/1995,1995,3,1,2,5,4,2924.04,17.34666667,382.12,416.89,4.6485,391.03,376.64,379.29,384.13,17.41666667,15.94,13.61666667,413.97,410.85,400.28,4.7215,4.7795,5.435,2877.65,2985.3,1914.87,379.1033333,382.7108333,4.773084496,17.22111111,16.73083333,0.767797749,414.92,410.4833333,7.394680316,4.714366667,5.144283333,0.321585786,2936.873333,2576.084167,353.4868741
1/4/1995,1995,4,2,2,2,4,2903.5,18.64666667,391.03,448.29,5.4777,385.22,382.12,378.55,377.27,17.34666667,16.9,15.08333333,416.89,413.9,397.9,4.6485,4.7731,5.352,2924.04,3008.93,1881.82,383.2633333,383.8575,4.994846662,17.80333333,17.02777778,0.761738221,426.3833333,414.6825,12.28784331,4.949233333,5.154758333,0.330879729,2901.73,2661.224167,288.0491169
1/5/1995,1995,5,2,2,3,4,2773.31,18.42333333,385.22,437.35,5.5598,387.56,391.03,376.64,381.43,18.64666667,17.41666667,16.28333333,448.29,413.97,398.01,5.4777,4.7215,5.4195,2903.5,2877.65,2150.6,386.1233333,384.1733333,4.946992352,18.13888889,17.20611111,0.819891386,434.1766667,417.9608333,12.67702177,5.228666667,5.16645,0.343329369,2866.95,2713.116667,239.7361138
1/6/1995,1995,6,2,2,1,4,2994.64,17.36333333,387.56,438.53,5.3637,386.23,385.22,382.12,385.64,18.42333333,17.34666667,17.16666667,437.35,416.89,401.09,5.5598,4.6485,5.3876,2773.31,2924.04,2364.2,387.9366667,384.3333333,5.029108602,18.14444444,17.2225,0.8209961,441.39,421.0808333,12.75442345,5.467066667,5.164458333,0.341996577,2890.483333,2765.653333,224.9441906
1/7/1995,1995,7,3,2,2,4,3075.67,16.08333333,386.23,433.63,5.1648,383.67,387.56,391.03,385.49,17.36333333,18.64666667,17.88333333,438.53,448.29,411.95,5.3637,5.4777,5.2823,2994.64,2903.5,2458.19,386.3366667,384.395,5.049078224,17.29,17.0725,0.853089602,436.5033333,422.8875,12.87834484,5.362766667,5.154666667,0.339992137,2947.873333,2817.11,218.7572228
1/8/1995,1995,8,3,2,2,4,3036.84,16.46666667,383.67,425.34,5.3982,383.06,386.23,385.22,380.36,16.08333333,18.42333333,17,433.63,437.35,412.19,5.1648,5.5598,5.1972,3075.67,2773.31,2406.23,385.82,384.6708333,4.896719604,16.63777778,17.02805556,0.870916687,432.5,423.9833333,12.43725147,5.3089,5.171416667,0.347153861,3035.716667,2869.660833,184.0755194
1/9/1995,1995,9,3,2,5,4,2915.52,16.82,383.06,429.65,5.4295,383.14,383.67,387.56,391.58,16.46666667,17.36333333,16.2,425.34,438.53,417.28,5.3982,5.3637,5.5237,3036.84,2994.64,2505.93,384.32,383.9608333,4.395922611,16.45666667,17.07972222,0.834975906,429.54,425.0141667,12.34342847,5.330833333,5.163566667,0.339443104,3009.343333,2903.793333,144.1414641
1/10/1995,1995,10,4,2,3,4,2813.55,16.12333333,383.14,412.66,5.3741,385.31,383.06,386.23,389.77,16.82,16.08333333,16.46666667,429.65,433.63,419.4,5.4295,5.1648,5.4541,2915.52,3075.67,2547.67,383.29,383.4083333,3.998065062,16.47,17.05111111,0.863294527,422.55,424.4525,12.76815437,5.4006,5.1569,0.3339596,2921.97,2925.95,97.22204885
1/11/1995,1995,11,4,2,3,4,2977.36,16.74333333,385.31,413.12,5.3151,387.44,383.14,383.67,384.39,16.12333333,16.46666667,17.08333333,412.66,425.34,412.37,5.3741,5.3982,5.1924,2813.55,3036.84,2802.45,383.8366667,383.485,4.027314693,16.56222222,17.02277778,0.867708969,418.4766667,424.515,12.70531492,5.3729,5.167125,0.337009784,2902.143333,2940.525833,89.85578025
1/12/1995,1995,12,4,2,1,4,2926.26,17.86666667,387.44,408.71,5.1769,399.45,385.31,383.06,379.29,16.74333333,16.82,15.94,413.12,429.65,410.85,5.3151,5.4295,4.7795,2977.36,2915.52,2985.3,385.2966667,384.1641667,3.941858026,16.91111111,17.18333333,0.826411251,411.4966667,424.3366667,12.92762886,5.2887,5.200241667,0.3142109,2905.723333,2935.605833,88.79137186
1/1/1996,1996,1,1,2,3,4,2616.41,17.8,399.45,415.48,5.4605,404.76,387.44,383.14,378.55,17.86666667,16.12333333,16.9,408.71,412.66,413.9,5.1769,5.3741,4.7731,2926.26,2813.55,3008.93,390.7333333,385.9058333,5.53220071,17.47,17.25833333,0.839101853,412.4366667,424.4683333,12.81926096,5.3175,5.257525,0.291067194,2840.01,2902.895833,124.4599981
1/2/1996,1996,2,1,2,1,4,2537.71,17.69666667,404.76,420.21,5.6567,396.21,399.45,385.31,376.64,17.8,16.74333333,17.41666667,415.48,413.12,413.97,5.4605,5.3151,4.7215,2616.41,2977.36,2877.65,397.2166667,388.2491667,7.009001301,17.78777778,17.28166667,0.847753419,414.8,424.9883333,12.47667484,5.431366667,5.335458333,0.257797639,2693.46,2874.5675,163.3419752
1/3/1996,1996,3,1,2,2,4,2561.02,19.4,396.21,411.19,5.5241,392.85,404.76,387.44,382.12,17.69666667,17.86666667,17.34666667,420.21,408.71,416.89,5.6567,5.1769,4.6485,2537.71,2926.26,2924.04,400.14,389.4233333,7.068825714,18.29888889,17.45277778,1.046088272,415.6266667,424.5133333,12.91385819,5.5471,5.408425,0.144863623,2571.713333,2844.315833,185.4648107
1/4/1996,1996,4,2,2,3,4,2595.78,20.66,392.85,404.39,5.4209,391.93,396.21,399.45,391.03,19.4,17.8,18.64666667,411.19,415.48,448.29,5.5241,5.4605,5.4777,2561.02,2616.41,2903.5,397.94,389.575,7.125727395,19.25222222,17.62055556,1.367160911,411.93,420.855,11.72977137,5.5339,5.403691667,0.143313994,2564.836667,2818.6725,197.4255865
1/5/1996,1996,5,2,2,1,4,2658.26,19.06333333,391.93,401.42,5.3652,385.27,392.85,404.76,385.22,20.66,17.69666667,18.42333333,404.39,420.21,437.35,5.4209,5.6567,5.5598,2595.78,2537.71,2773.31,393.6633333,390.1341667,7.015333153,19.70777778,17.67388889,1.413038015,405.6666667,417.8608333,11.72222711,5.436733333,5.387475,0.134800844,2605.02,2809.085,202.5556839
1/6/1996,1996,6,2,2,5,4,2173.4,18.51333333,385.27,392.25,5.1615,383.47,391.93,396.21,387.56,19.06333333,19.4,17.36333333,401.42,411.19,438.53,5.3652,5.5241,5.3637,2658.26,2561.02,2994.64,390.0166667,389.9433333,7.122057074,19.41222222,17.76972222,1.428968306,399.3533333,414.0041667,11.91534721,5.315866667,5.370625,0.149841226,2475.813333,2740.648333,263.6765734
1/7/1996,1996,7,3,2,3,4,1985.57,19.58666667,383.47,393.66,5.0653,387.35,385.27,392.85,386.23,18.51333333,20.66,16.08333333,392.25,404.39,433.63,5.1615,5.4209,5.1648,2173.4,2595.78,3075.67,386.89,389.7133333,7.295335164,19.05444444,18.06166667,1.410868706,395.7766667,410.6733333,11.51010965,5.197333333,5.362333333,0.164319735,2272.41,2649.806667,319.609984
1/8/1996,1996,8,3,2,1,4,2008.57,20.44,387.35,400.03,5.1354,383.14,383.47,391.93,383.67,19.58666667,19.06333333,16.46666667,393.66,401.42,425.34,5.0653,5.3652,5.3982,1985.57,2658.26,3036.84,385.3633333,390.02,7.092736361,19.51333333,18.39277778,1.467616657,395.3133333,408.5641667,10.87990346,5.120733333,5.340433333,0.176188878,2055.846667,2564.1175,343.3701982
1/9/1996,1996,9,3,2,3,4,1941.45,22.25666667,383.14,389.86,5.0388,381.07,387.35,385.27,383.06,20.44,18.51333333,16.82,400.03,392.25,429.65,5.1354,5.1615,5.4295,2008.57,2173.4,2915.52,384.6533333,390.0266667,7.08563378,20.76111111,18.84583333,1.749955339,394.5166667,405.2483333,9.887511713,5.079833333,5.307875,0.19348408,1978.53,2482.945,367.0642035
1/10/1996,1996,10,4,2,5,4,1961.17,23.61,381.07,384.18,4.9276,377.85,383.14,383.47,383.14,22.25666667,19.58666667,16.12333333,389.86,393.66,412.66,5.0388,5.0653,5.3741,1941.45,1985.57,2813.55,383.8533333,389.8541667,7.290759355,22.10222222,19.46972222,2.00681136,391.3566667,402.875,11.26838336,5.033933333,5.270666667,0.220620362,1970.396667,2411.913333,379.5333183
1/11/1996,1996,11,4,2,4,4,2230.86,22.39,377.85,381.98,4.8332,369,381.07,387.35,385.31,23.61,20.44,16.74333333,384.18,400.03,413.12,4.9276,5.1354,5.3151,1961.17,2008.57,2977.36,380.6866667,389.2325,7.997271268,22.75222222,19.94027778,1.971108727,385.34,400.28,12.23844093,4.9332,5.230508333,0.253243909,2044.493333,2349.705,337.2499468
1/12/1996,1996,12,4,2,2,4,2268.08,23.62333333,369,370.7,4.8264,355.11,377.85,383.14,387.44,22.39,22.25666667,17.86666667,381.98,389.86,408.71,4.8332,5.0388,5.1769,2230.86,1941.45,2926.26,375.9733333,387.6958333,9.914748847,23.20777778,20.42,2.115771942,378.9533333,397.1125,14.55737434,4.8624,5.2013,0.278901974,2153.37,2294.856667,284.3269068
1/1/1997,1997,1,1,2,4,4,2434.93,23.22666667,355.11,360.1,4.7747,346.58,369,381.07,399.45,23.62333333,23.61,17.8,370.7,384.18,415.48,4.8264,4.9276,5.4605,2268.08,1961.17,2616.41,367.32,384.0008333,12.93748778,23.08,20.87222222,2.084582333,370.9266667,392.4975,16.80927781,4.811433333,5.14415,0.290963739,2311.29,2279.733333,270.1412256
1/2/1997,1997,2,1,2,1,4,2405.85,20.42,346.58,365.01,5.0722,351.81,355.11,377.85,404.76,23.22666667,22.39,17.69666667,360.1,381.98,420.21,4.7747,4.8332,5.6567,2434.93,2230.86,2537.71,356.8966667,379.1525,15.16114719,22.42333333,21.09916667,1.841506918,365.27,387.8975,16.07293045,4.8911,5.095441667,0.242197919,2369.62,2268.745,261.2285016
1/3/1997,1997,3,1,2,2,4,2421.29,19.33,351.81,378.9,5.1962,344.47,346.58,369,396.21,20.42,23.62333333,19.4,365.01,370.7,411.19,5.0722,4.8264,5.5241,2405.85,2268.08,2561.02,351.1666667,375.4525,16.01373906,20.99222222,21.09333333,1.847479856,368.0033333,385.2066667,14.43876558,5.014366667,5.068116667,0.20509478,2420.69,2257.100833,249.8839536
1/4/1997,1997,4,2,2,3,4,2391.18,17.88,344.47,371.08,4.7726,343.84,351.81,355.11,392.85,19.33,23.22666667,20.66,378.9,360.1,404.39,5.1962,4.7747,5.4209,2421.29,2434.93,2595.78,347.62,371.4208333,17.27591201,19.21,20.86166667,2.067908473,371.6633333,382.4308333,13.59263468,5.013666667,5.014091667,0.188427022,2406.106667,2240.050833,230.936258
1/5/1997,1997,5,2,2,2,4,2514.33,19.36743333,343.84,387.5,4.7496,340.76,344.47,346.58,391.93,17.88,20.42,19.06333333,371.08,365.01,401.42,4.7726,5.0722,5.3652,2391.18,2405.85,2658.26,346.7066667,367.4133333,17.65936338,18.85914444,20.88700833,2.045610024,379.16,381.2708333,12.36313321,4.906133333,4.962791667,0.166692605,2442.266667,2228.056667,210.0326688
1/6/1997,1997,6,2,2,3,4,2612.62,17.92,340.76,430.76,4.7569,324.1,343.84,351.81,385.27,19.36743333,19.33,18.51333333,387.5,378.9,392.25,4.7496,5.1962,5.1615,2514.33,2421.29,2173.4,343.0233333,363.7041667,18.23290954,18.38914444,20.83756389,2.11422009,396.4466667,384.48,18.79644115,4.7597,4.929075,0.163739061,2506.043333,2264.658333,236.2734093
1/7/1997,1997,7,3,2,2,4,2450.46,18.33,324.1,415.52,4.3724,324.01,340.76,344.47,383.47,17.92,17.88,19.58666667,430.76,371.08,393.66,4.7569,4.7726,5.0653,2612.62,2391.18,1985.57,336.2333333,358.7566667,20.31769866,18.53914444,20.73284167,2.210732588,411.26,386.3016667,20.72713585,4.6263,4.871333333,0.222840319,2525.803333,2303.399167,224.1545934
1/8/1997,1997,8,3,2,4,4,2251.2,18.7,324.01,424.55,4.4964,322.82,324.1,343.84,387.35,18.33,19.36743333,20.44,415.52,387.5,400.03,4.3724,4.7496,5.1354,2450.46,2514.33,2008.57,329.6233333,353.4783333,20.44131326,18.31666667,20.58784167,2.287418421,423.61,388.345,23.25768905,4.5419,4.818083333,0.23022774,2438.093333,2323.618333,205.2919956
1/9/1997,1997,9,3,2,5,4,2107.3,18.66174603,322.82,424.73,4.7319,324.87,324.01,340.76,383.14,18.7,17.92,22.25666667,424.55,430.76,389.86,4.4964,4.7569,5.0388,2251.2,2612.62,1941.45,323.6433333,348.4516667,19.89342186,18.56391534,20.28826495,2.284394217,421.6,391.2508333,25.53138477,4.533566667,4.792508333,0.220312936,2269.653333,2337.439167,181.4190627
1/10/1997,1997,10,4,2,1,4,2052.26,20.04,324.87,423.12,5.0348,306.04,322.82,324.1,381.07,18.66174603,18.33,23.61,424.73,415.52,384.18,4.7319,4.3724,4.9276,2107.3,2450.46,1961.17,323.9,343.7683333,18.04581686,19.13391534,19.99076495,2.030867774,424.1333333,394.4958333,26.98426223,4.754366667,4.801441667,0.228316672,2136.92,2345.03,165.44674
1/11/1997,1997,11,4,2,1,4,1917.45,19.08666667,306.04,392.29,5.0779,288.74,324.87,324.01,377.85,20.04,18.7,22.39,423.12,424.55,381.98,5.0348,4.4964,4.8332,2052.26,2251.2,2230.86,317.91,337.7841667,17.61794202,19.26280423,19.71548717,1.895458536,413.38,395.355,26.71229901,4.9482,4.821833333,0.24193243,2025.67,2318.9125,205.0949322
1/12/1997,1997,12,4,2,3,4,1762.33,17.09,288.74,365.42,5.8368,289.1,306.04,322.82,369,19.08666667,18.66174603,23.62333333,392.29,424.73,370.7,5.0779,4.7319,4.8264,1917.45,2107.3,2268.08,306.55,331.0958333,19.79073955,18.73888889,19.17104272,1.583588499,393.61,394.915,27.19446484,5.3165,4.906033333,0.380060415,1910.68,2276.766667,260.8705922
1/1/1998,1998,1,1,2,3,4,1688.45,15,289.1,373.86,5.8871,297.49,288.74,324.87,355.11,17.09,20.04,23.22666667,365.42,423.12,360.1,5.8368,5.0348,4.7747,1762.33,2052.26,2434.93,294.6266667,325.595,21.60022496,17.05888889,18.48548717,1.442691698,377.19,396.0616667,25.84987914,5.6006,4.998733333,0.470109174,1789.41,2214.56,304.9967142
1/2/1998,1998,2,1,2,3,4,1664.8,14.1,297.49,386.08,6.8069,295.94,289.1,306.04,346.58,15,19.08666667,20.42,373.86,392.29,365.01,5.8871,5.0779,5.0722,1688.45,1917.45,2405.85,291.7766667,321.5041667,21.91091196,15.39666667,17.9588205,1.785206308,375.12,397.8175,24.21271459,6.176933333,5.143291667,0.70351927,1705.193333,2152.805833,336.172875
1/3/1998,1998,3,1,2,3,4,1747.98,13.12333333,295.94,398.99,6.2429,308.29,297.49,288.74,351.81,14.1,17.09,19.33,386.08,365.42,378.9,6.8069,5.8368,5.1962,1664.8,1762.33,2421.29,294.1766667,316.8483333,20.79320336,14.07444444,17.44159828,2.202233457,386.31,399.4916667,23.46889618,6.3123,5.230516667,0.772208979,1700.41,2096.696667,343.3995242
1/4/1998,1998,4,2,2,3,4,1800.9,13.5,308.29,413.75,6.341,299.1,295.94,289.1,344.47,13.12333333,15,17.88,398.99,373.86,371.08,6.2429,5.8871,4.7726,1747.98,1688.45,2391.18,300.5733333,313.8333333,18.96680417,13.57444444,17.07659828,2.469697352,399.6066667,403.0475,21.95663044,6.4636,5.361216667,0.818972164,1737.893333,2047.506667,339.6381666
1/5/1998,1998,5,2,2,3,4,1732.53,14.02666667,299.1,388.9,5.575,292.32,308.29,297.49,343.84,13.5,14.1,19.36743333,413.75,386.08,387.5,6.341,6.8069,4.7496,1800.9,1664.8,2514.33,301.11,310.105,16.80638867,13.55,16.63153439,2.500375069,400.5466667,403.1641667,21.87005735,6.052966667,5.43,0.797309342,1760.47,1982.356667,316.1195016
1/6/1998,1998,6,2,2,3,4,1660.52,12.479,292.32,355.43,5.263,292.87,299.1,295.94,340.76,14.02666667,13.12333333,17.92,388.9,398.99,430.76,5.575,6.2429,4.7569,1732.53,1747.98,2612.62,299.9033333,306.0683333,14.42233989,13.33522222,16.17811772,2.728419265,386.0266667,396.8866667,23.94203239,5.726333333,5.472175,0.771433417,1731.316667,1903.015,257.6207046
1/7/1998,1998,7,3,2,1,4,1651.04,12.69966667,292.87,378.43,5.4552,284.11,292.32,308.29,324.1,12.479,13.5,18.33,355.43,413.75,415.52,5.263,6.341,4.3724,1660.52,1800.9,2450.46,294.7633333,303.4658333,13.67087711,13.06844444,15.70892328,2.807688986,374.2533333,393.7958333,23.71083084,5.431066667,5.562408333,0.690143801,1681.363333,1836.396667,200.1345108
1/8/1998,1998,8,3,2,1,4,1620.93,12.48796667,284.11,369.18,5.1792,288.98,292.87,299.1,324.01,12.69966667,14.02666667,18.7,378.43,388.9,424.55,5.4552,5.575,4.4964,1651.04,1732.53,2251.2,289.7666667,300.1408333,13.05839922,12.55554444,15.19125384,2.778595681,367.68,389.1816667,22.54061499,5.299133333,5.619308333,0.618716169,1644.163333,1783.874167,160.0717935
1/9/1998,1998,9,3,2,2,4,1647.64,13.80333333,288.98,361.15,4.9992,295.93,284.11,292.32,322.82,12.48796667,12.479,18.66174603,369.18,355.43,424.73,5.1792,5.263,4.7319,1620.93,1660.52,2107.3,288.6533333,297.3208333,11.24330302,12.99698889,14.78638611,2.57331633,369.5866667,383.8833333,20.83287364,5.2112,5.641583333,0.587907952,1639.87,1745.569167,127.2795677
1/10/1998,1998,10,4,2,3,4,1586.39,13.26333333,295.93,342.6,5.0092,294.12,288.98,292.87,324.87,13.80333333,12.69966667,20.04,361.15,378.43,423.12,4.9992,5.4552,5.0348,1647.64,1651.04,2052.26,289.6733333,294.9091667,7.158686343,13.18487778,14.22166389,1.993941344,357.6433333,377.1733333,19.99682535,5.062533333,5.63945,0.590351314,1618.32,1706.746667,91.15096053
1/11/1998,1998,11,4,2,1,4,1573.95,11.88,294.12,347.18,4.9733,291.68,295.93,284.11,306.04,13.26333333,12.48796667,19.08666667,342.6,369.18,392.29,5.0092,5.1792,5.0779,1586.39,1620.93,1917.45,293.01,293.9158333,6.242096761,12.98222222,13.62110833,1.388948489,350.31,373.4141667,21.10603897,4.9939,5.630733333,0.600088408,1602.66,1678.121667,70.58189709
1/12/1998,1998,12,4,2,3,4,1473.57,10.41,291.68,351.79,4.8775,287.08,294.12,288.98,288.74,11.88,13.80333333,17.09,347.18,361.15,365.42,4.9733,4.9992,5.8368,1573.95,1647.64,1762.33,293.91,294.1608333,6.075965256,11.85111111,13.06444167,1.197741471,347.19,372.2783333,21.92617814,4.953333333,5.550791667,0.633129027,1544.636667,1654.058333,86.65588107
1/1/1999,1999,1,1,2,3,4,1431.18,11.44333333,287.08,355.11,5.1393,287.33,291.68,295.93,289.1,10.41,13.26333333,15,351.79,342.6,373.86,4.8775,5.0092,5.8871,1473.57,1586.39,1688.45,290.96,293.9925,6.254285985,11.24444444,12.76805278,1.112241007,351.36,370.7158333,22.46468601,4.9967,5.488475,0.633819425,1492.9,1632.619167,106.8465209
1/2/1999,1999,2,1,2,3,4,1410.78,10.75333333,287.33,364.07,5.5306,285.96,287.08,294.12,297.49,11.44333333,11.88,14.1,355.11,347.18,386.08,5.1393,4.9733,6.8069,1431.18,1573.95,1664.8,288.6966667,293.1458333,6.423191586,10.86888889,12.48916389,1.166172587,356.99,368.8816667,21.98971406,5.182466667,5.382116667,0.481171166,1438.51,1611.450833,123.7217549
1/3/1999,1999,3,1,2,1,4,1378.35,13.16666667,285.96,369.93,5.1942,282.62,287.33,291.68,295.94,10.75333333,10.41,13.12333333,364.07,351.79,398.99,5.5306,4.8775,6.2429,1410.78,1473.57,1747.98,286.79,292.3141667,6.669878639,11.78777778,12.492775,1.168379848,363.0366667,366.46,19.87057303,5.288033333,5.294725,0.398804997,1406.77,1580.648333,132.3521666
1/4/1999,1999,4,2,2,4,4,1466,15.86666667,282.62,357.15,5.0603,276.44,285.96,287.08,308.29,13.16666667,11.44333333,13.5,369.93,355.11,413.75,5.1942,5.1393,6.341,1378.35,1431.18,1800.9,285.3033333,290.175,4.983584873,13.26222222,12.68999722,1.505085612,363.7166667,361.7433333,13.23427048,5.2617,5.188,0.228250397,1418.376667,1552.74,115.9839327
1/5/1999,1999,5,2,2,2,4,1511.16,16.06333333,276.44,356.01,5.2619,261.31,282.62,287.33,299.1,15.86666667,10.75333333,14.02666667,357.15,364.07,388.9,5.0603,5.5306,5.575,1466,1410.78,1732.53,281.6733333,288.2866667,5.554705349,15.03222222,12.85971944,1.762362913,361.03,359.0025,10.14372007,5.172133333,5.161908333,0.195542041,1451.836667,1534.2925,101.4870024
1/6/1999,1999,6,2,2,1,4,1422.48,16.39333333,261.31,356.78,5.0269,256.08,276.44,285.96,292.32,16.06333333,13.16666667,12.479,356.01,369.93,355.43,5.2619,5.1942,5.263,1511.16,1378.35,1660.52,273.4566667,285.7025,9.394098849,16.10777778,13.18591389,2.02775737,356.6466667,359.115,10.10791994,5.116366667,5.142233333,0.196322102,1466.546667,1514.455833,97.76709871
1/7/1999,1999,7,3,2,4,4,1640,18.98666667,256.08,349.06,5.1797,256.69,261.31,282.62,292.87,16.39333333,15.86666667,12.69966667,356.78,357.15,378.43,5.0269,5.0603,5.4552,1422.48,1466,1651.04,264.61,282.6366667,12.37323896,17.14777778,13.70983056,2.617219756,353.95,356.6675,8.420868153,5.156166667,5.119275,0.170852579,1524.546667,1513.535833,96.40747231
1/8/1999,1999,8,3,2,2,4,1647.62,20.27,256.69,350.06,5.2603,264.74,256.08,276.44,284.11,18.98666667,16.06333333,12.48796667,349.06,356.01,369.18,5.1797,5.2619,5.1792,1640,1511.16,1620.93,258.0266667,280.3516667,14.43629128,18.55,14.35833333,3.188679312,351.9666667,355.0741667,7.607729871,5.155633333,5.126033333,0.17499236,1570.033333,1515.76,99.37262363
1/9/1999,1999,9,3,2,2,4,1750.34,22.7,264.74,370.93,5.2089,310.72,256.69,261.31,288.98,20.27,16.39333333,13.80333333,350.06,356.78,361.15,5.2603,5.0269,4.9992,1647.62,1422.48,1647.64,259.17,278.3316667,14.81026292,20.65222222,15.09972222,3.983191061,356.6833333,355.8891667,8.755123651,5.2163,5.143508333,0.171613008,1679.32,1524.318333,114.9626828
1/10/1999,1999,10,4,2,3,4,1724.12,21.95,310.72,421.14,5.4123,293.18,264.74,256.08,295.93,22.7,18.98666667,13.26333333,370.93,349.06,342.6,5.2089,5.1797,5.0092,1750.34,1640,1586.39,277.3833333,279.5641667,16.87886492,21.64,15.82361111,4.387893689,380.71,362.4341667,20.02316634,5.293833333,5.1771,0.182066596,1707.36,1535.795833,127.8733823
1/11/1999,1999,11,4,2,1,4,1727.55,24.16333333,293.18,434.02,5.1538,283.07,310.72,256.69,294.12,21.95,20.27,11.88,421.14,350.06,347.18,5.4123,5.2603,4.9733,1724.12,1647.62,1573.95,289.5466667,279.4858333,16.80720054,22.93777778,16.84722222,4.797871336,408.6966667,369.6708333,28.08041843,5.258333333,5.192141667,0.170806677,1734.003333,1548.595833,139.2236464
1/12/1999,1999,12,4,2,4,4,1764.75,25.1,283.07,439.13,5.1573,284.32,293.18,264.74,291.68,24.16333333,22.7,10.41,434.02,370.93,351.79,5.1538,5.2089,4.8775,1727.55,1750.34,1473.57,295.6566667,278.7683333,16.41859469,23.73777778,18.07138889,4.87948177,431.43,376.9491667,33.76761613,5.241133333,5.215458333,0.140329058,1738.806667,1572.860833,149.9223212
1/1/2000,2000,1,1,2,4,5,1843.98,25.31,284.32,441,5.1882,299.86,283.07,310.72,287.08,25.1,21.95,11.44333333,439.13,421.14,355.11,5.1573,5.4123,5.1393,1764.75,1724.12,1431.18,286.8566667,278.5383333,16.31055199,24.85777778,19.22694444,4.808566526,438.05,384.1066667,37.60267552,5.166433333,5.219533333,0.138615999,1778.76,1607.260833,161.3791555
1/2/2000,2000,2,1,2,1,5,1800.83,27.22096667,299.86,519.71,5.2467,286.39,284.32,293.18,287.33,25.31,24.16333333,10.75333333,441,434.02,364.07,5.1882,5.1538,5.5306,1843.98,1727.55,1410.78,289.0833333,279.5825,17.29585296,25.87698889,20.59924722,4.511088958,466.6133333,397.0766667,53.53139985,5.1974,5.195875,0.099369514,1803.186667,1639.765,157.4402064
1/3/2000,2000,3,1,2,5,5,1739.39,27.49,286.39,479.33,5.0649,279.69,299.86,283.07,285.96,27.22096667,25.1,13.16666667,519.71,439.13,369.93,5.2467,5.1573,5.1942,1800.83,1764.75,1378.35,290.19,279.6183333,17.31070601,26.67365556,21.79285833,4.25325426,480.0133333,406.1933333,57.64548746,5.1666,5.1851,0.10633384,1794.733333,1669.851667,135.9767536
1/4/2000,2000,4,2,2,5,5,1678.75,23.47,279.69,497.55,5.0645,275.19,286.39,284.32,282.62,27.49,25.31,15.86666667,479.33,441,357.15,5.0649,5.1882,5.0603,1739.39,1843.98,1466,288.6466667,279.3741667,17.28516361,26.06032222,22.42646944,3.836041873,498.8633333,417.8933333,60.94046011,5.125366667,5.18545,0.105891707,1739.656667,1687.580833,119.9008116
1/5/2000,2000,5,2,2,1,5,1785.62,27.18666667,275.19,525.89,4.9796,285.73,279.69,299.86,276.44,23.47,27.22096667,16.06333333,497.55,519.71,356.01,5.0645,5.2467,5.2619,1678.75,1800.83,1511.16,280.4233333,279.27,17.30820457,26.04888889,23.35341389,3.486684466,500.9233333,432.05,64.86344747,5.036333333,5.161925,0.118026231,1734.586667,1710.4525,108.8569792
1/6/2000,2000,6,2,2,2,5,1753.18,29.62076667,285.73,559.73,4.9976,281.59,275.19,286.39,261.31,27.18666667,27.49,16.39333333,525.89,479.33,356.78,4.9796,5.0649,5.0269,1785.62,1739.39,1422.48,280.2033333,281.305,16.4172545,26.75914444,24.4557,3.162036565,527.7233333,448.9625,69.72944639,5.0139,5.159483333,0.121330322,1739.183333,1738.010833,60.40183523
1/7/2000,2000,7,3,2,2,5,1799.36,28.17666667,281.59,560.29,4.9692,274.47,285.73,279.69,256.08,29.62076667,23.47,18.98666667,559.73,497.55,349.06,4.9976,5.0645,5.1797,1753.18,1678.75,1640,280.8366667,283.4308333,14.37908611,28.32803333,25.22153333,2.810378277,548.6366667,466.565,68.87358598,4.982133333,5.141941667,0.132814987,1779.386667,1751.290833,54.08200397
1/8/2000,2000,8,3,2,3,5,1855.86,29.2629,274.47,577.61,4.8864,273.68,281.59,275.19,256.69,28.17666667,27.18666667,20.27,560.29,525.89,350.06,4.9692,4.9796,5.2603,1799.36,1785.62,1647.62,280.5966667,284.9125,12.11017463,29.02011111,25.97094167,2.557628423,565.8766667,485.5275,65.10267375,4.951066667,5.110783333,0.145752211,1802.8,1768.644167,51.12098439
1/9/2000,2000,9,3,2,2,5,1960.41,32.08283333,273.68,591.9,4.8904,270,274.47,285.73,264.74,29.2629,29.62076667,22.7,577.61,559.73,370.93,4.8864,4.9976,5.2089,1855.86,1753.18,1750.34,276.58,285.6575,10.97848568,29.8408,26.75284444,2.880590084,576.6,503.9416667,60.85413467,4.915333333,5.084241667,0.154968967,1871.876667,1786.15,74.7775777
1/10/2000,2000,10,4,2,5,5,1898.59,31.40016667,270,579.72,4.8302,266.01,273.68,281.59,310.72,32.08283333,28.17666667,21.95,591.9,560.29,421.14,4.8904,4.9692,5.4123,1960.41,1799.36,1724.12,272.7166667,282.2641667,8.55277994,30.9153,27.54035833,2.736353631,583.0766667,517.1566667,58.40772666,4.869,5.035733333,0.132406875,1904.953333,1800.689167,78.48968183
1/11/2000,2000,11,4,2,3,5,1795.11,32.331,266.01,593.34,4.6814,271.45,270,274.47,293.18,31.40016667,29.2629,24.16333333,579.72,577.61,434.02,4.8302,4.8864,5.1538,1898.59,1855.86,1727.55,269.8966667,280,8.985724031,31.938,28.22099722,2.834056862,588.32,530.4333333,55.84316046,4.800666667,4.996366667,0.161206515,1884.703333,1806.319167,75.11709543
1/12/2000,2000,12,4,2,4,5,1850.55,25.20466667,271.45,609.5,4.6398,265.49,266.01,273.68,283.07,32.331,32.08283333,25.1,593.34,591.9,439.13,4.6814,4.8904,5.1573,1795.11,1960.41,1764.75,269.1533333,279.0316667,9.247118306,29.64527778,28.22971944,2.823720542,594.1866667,544.6308333,52.04845233,4.717133333,4.953241667,0.182105366,1848.083333,1813.469167,74.88370334
1/1/2001,2001,1,1,2,2,5,1787.5,25.95727273,265.49,620.47,4.6571,261.87,271.45,270,284.32,25.20466667,31.40016667,25.31,609.5,579.72,441,4.6398,4.8302,5.1882,1850.55,1898.59,1843.98,267.65,277.4625,9.846383854,27.8309798,28.28365884,2.768519684,607.77,559.5866667,44.85082493,4.659433333,4.908983333,0.184335385,1811.053333,1808.7625,74.56596434
1/2/2001,2001,2,1,2,1,5,1765.65,27.23883333,261.87,600.92,4.5574,263.03,265.49,266.01,299.86,25.95727273,32.331,27.22096667,620.47,593.34,519.71,4.6571,4.6814,5.2467,1787.5,1795.11,1800.83,266.27,274.2966667,7.906683402,26.13359091,28.28514773,2.767900956,610.2966667,566.3541667,44.41157578,4.6181,4.851541667,0.176773771,1801.233333,1805.830833,75.59072844
1/3/2001,2001,3,1,2,5,5,1738.77,25.02257576,263.03,584.23,4.404,260.48,261.87,271.45,286.39,27.23883333,25.20466667,27.49,600.92,609.5,479.33,4.5574,4.6398,5.0649,1765.65,1850.55,1739.39,263.4633333,272.35,7.525030957,26.07289394,28.07952904,2.919819424,601.8733333,575.0958333,35.06566268,4.5395,4.796466667,0.204963706,1763.973333,1805.779167,75.64046506
1/4/2001,2001,4,2,2,1,5,1664.16,25.718,260.48,594.86,4.365,272.36,263.03,265.49,279.69,25.02257576,25.95727273,23.47,584.23,620.47,497.55,4.404,4.6571,5.0645,1738.77,1787.5,1678.75,261.7933333,270.7491667,7.857574757,25.99313636,28.26686237,2.65752339,593.3366667,583.205,25.43042326,4.442133333,4.738175,0.220672098,1722.86,1804.563333,77.94993712
1/5/2001,2001,5,2,2,2,5,1682.21,27.5468254,272.36,610.7,4.4333,270.23,260.48,261.87,275.19,25.718,27.23883333,27.18666667,594.86,600.92,525.89,4.365,4.5574,4.9796,1664.16,1765.65,1785.62,265.29,270.5133333,7.753958911,26.09580038,28.2968756,2.646224707,596.5966667,590.2725,19.03427966,4.400766667,4.69265,0.222680029,1695.046667,1795.945833,85.57743558
1/6/2001,2001,6,2,2,3,5,1608.45,26.96603175,270.23,579.72,4.3738,267.53,272.36,263.03,285.73,27.5468254,25.02257576,29.62076667,610.7,584.23,559.73,4.4333,4.404,4.9976,1682.21,1738.77,1753.18,267.69,269.2216667,6.104209923,26.74361905,28.07564769,2.636435499,595.0933333,591.9383333,16.86996461,4.3907,4.640666667,0.217776776,1651.606667,1783.885,100.967447
1/7/2001,2001,7,3,2,3,5,1525.21,24.80367965,267.53,530.84,4.2543,272.39,270.23,260.48,281.59,26.96603175,25.718,28.17666667,579.72,594.86,560.29,4.3738,4.365,4.9692,1608.45,1664.16,1799.36,270.04,268.05,4.702877262,26.4388456,27.79456544,2.799451193,573.7533333,589.4841667,22.94195619,4.3538,4.581091667,0.217516739,1605.29,1761.039167,125.244769
1/8/2001,2001,8,3,2,3,5,1464.43,25.82115942,272.39,451.7,4.2208,283.42,267.53,272.36,274.47,24.80367965,27.5468254,29.2629,530.84,610.7,577.61,4.2543,4.4333,4.8864,1525.21,1682.21,1855.86,270.05,267.8766667,4.477684737,25.86362361,27.50775373,2.811621826,520.7533333,578.9916667,46.03559588,4.282966667,4.525625,0.217449501,1532.696667,1728.42,147.3297664
1/9/2001,2001,9,3,2,3,5,1426.33,25.20766667,283.42,457.9,4.353,283.06,272.39,270.23,273.68,25.82115942,26.96603175,32.08283333,451.7,579.72,591.9,4.2208,4.3738,4.8904,1464.43,1608.45,1960.41,274.4466667,268.6883333,6.183241035,25.27750191,26.93482317,2.474918625,480.1466667,567.825,57.45533467,4.276033333,4.480841667,0.188968292,1471.99,1683.913333,151.4882378
1/10/2001,2001,10,4,2,3,5,1377.28,20.73188406,283.06,431.39,4.4012,276.16,283.42,267.53,270,25.20766667,24.80367965,31.40016667,457.9,530.84,579.72,4.353,4.2543,4.8302,1426.33,1525.21,1898.59,279.6233333,269.7766667,7.453906033,23.92023671,26.04579962,2.63594473,446.9966667,555.4641667,69.38155774,4.325,4.445091667,0.154258923,1422.68,1640.470833,158.8957544
1/11/2001,2001,11,4,2,2,5,1427.73,18.68818182,276.16,429.89,4.1226,275.85,283.06,272.39,266.01,20.73188406,25.82115942,32.331,431.39,451.7,593.34,4.4012,4.2208,4.6814,1377.28,1464.43,1795.11,280.88,270.6225,7.562718517,21.54257751,24.9088981,2.620730398,439.7266667,541.8433333,76.90594815,4.292266667,4.398525,0.16064975,1410.446667,1609.855833,161.7586642
1/12/2001,2001,12,4,2,2,5,1471.74,18.51978947,275.85,461.73,4.3695,281.51,276.16,283.42,271.45,18.68818182,25.20766667,25.20466667,429.89,457.9,609.5,4.1226,4.353,4.6398,1427.73,1426.33,1850.55,278.3566667,270.9891667,7.711682352,19.31328512,24.351825,3.198860178,441.0033333,529.5291667,76.91839282,4.297766667,4.376,0.141560164,1425.583333,1578.288333,146.7864054
1/1/2002,2002,1,1,2,2,5,1503.96,19.15481241,281.51,472.11,4.5149,295.5,275.85,283.06,265.49,18.51978947,20.73188406,25.95727273,461.73,431.39,620.47,4.3695,4.4012,4.6571,1471.74,1377.28,1787.5,277.84,272.3241667,8.05227744,18.78759457,23.78495331,3.478964398,454.5766667,517.1658333,72.78444645,4.335666667,4.36415,0.120235757,1467.81,1554.66,132.1377858
1/2/2002,2002,2,1,2,1,5,1561.9,19.97523684,295.5,471.15,4.4232,294.06,281.51,276.16,261.87,19.15481241,18.68818182,27.23883333,472.11,429.89,600.92,4.5149,4.1226,4.5574,1503.96,1427.73,1765.65,284.2866667,275.1266667,9.75524319,19.21661291,23.1796536,3.455208527,468.33,506.3516667,68.73709741,4.435866667,4.352966667,0.106028961,1512.533333,1537.680833,114.4713029
1/3/2002,2002,3,1,2,2,5,1604.88,23.64066667,294.06,512.05,4.5393,302.68,295.5,275.85,263.03,19.97523684,18.51978947,25.02257576,471.15,461.73,584.23,4.4232,4.3695,4.404,1561.9,1471.74,1738.77,290.3566667,277.7125,10.35161746,20.92357197,23.06449451,3.410947046,485.1033333,500.3366667,64.31877124,4.492466667,4.364241667,0.118419036,1556.913333,1526.523333,98.50033155
1/4/2002,2002,4,2,2,3,5,1590.33,25.43424242,302.68,539.2,4.5757,314.49,294.06,281.51,260.48,23.64066667,19.15481241,25.718,512.05,472.11,594.86,4.5393,4.5149,4.365,1604.88,1503.96,1664.16,297.4133333,281.2291667,11.1058113,23.01671531,23.04084805,3.391809133,507.4666667,495.6983333,58.63870593,4.512733333,4.3818,0.133235356,1585.703333,1520.370833,91.15355082
1/5/2002,2002,5,2,2,3,5,1595.68,25.67234519,314.49,533.85,4.6992,321.18,302.68,295.5,272.36,25.43424242,19.97523684,27.5468254,539.2,471.15,610.7,4.5757,4.4232,4.4333,1590.33,1561.9,1682.21,303.7433333,284.74,14.25877401,24.91575143,22.88464136,3.203353359,528.3666667,489.2941667,48.2055092,4.604733333,4.403958333,0.161658132,1596.963333,1513.16,79.91715563
1/6/2002,2002,6,2,2,1,5,1647.53,24.4880575,321.18,554.7,4.9044,313.29,314.49,294.06,270.23,25.67234519,23.64066667,26.96603175,533.85,512.05,579.72,4.6992,4.5393,4.3738,1595.68,1604.88,1608.45,312.7833333,288.9858333,16.88853105,25.19821504,22.67814351,2.989036021,542.5833333,487.2091667,44.32361088,4.726433333,4.448175,0.216067717,1611.18,1516.416667,84.80036003
1/7/2002,2002,7,3,2,3,5,1589.46,25.7547481,313.29,526.2,4.9186,310.26,321.18,302.68,267.53,24.4880575,25.43424242,24.80367965,554.7,539.2,530.84,4.9044,4.5757,4.2543,1647.53,1590.33,1525.21,316.32,292.7991667,16.76926,25.30505027,22.75739921,3.062232014,538.25,486.8225,43.92684893,4.840733333,4.503533333,0.24503719,1610.89,1521.770833,87.39467026
1/8/2002,2002,8,3,2,3,5,1479.55,26.77580087,310.26,544.84,4.5403,319.14,313.29,314.49,272.39,25.7547481,25.67234519,25.82115942,526.2,533.85,451.7,4.9186,4.6992,4.2208,1589.46,1595.68,1464.43,314.91,295.955,16.13050216,25.67286882,22.83695267,3.15990354,541.9133333,494.5841667,45.3619457,4.787766667,4.530158333,0.22831048,1572.18,1523.030833,86.59817796
1/9/2002,2002,9,3,2,1,5,1478.71,28.28079365,319.14,556.33,4.5536,316.56,310.26,321.18,283.42,26.77580087,24.4880575,25.20766667,544.84,554.7,457.9,4.5403,4.9044,4.353,1479.55,1647.53,1426.33,314.23,298.9316667,16.88521561,26.93711421,23.09304658,3.478021967,542.4566667,502.7866667,46.99537218,4.670833333,4.546875,0.221399167,1515.906667,1527.395833,82.50417901
1/10/2002,2002,10,4,2,1,5,1483.76,27.52681159,316.56,580.2,4.4013,319.07,319.14,313.29,283.06,28.28079365,25.7547481,20.73188406,556.33,526.2,431.39,4.5536,4.9186,4.4012,1478.71,1589.46,1377.28,315.32,301.7233333,16.79161876,27.52780204,23.65929055,3.609313733,560.4566667,515.1875,46.06732941,4.4984,4.546883333,0.221393187,1480.673333,1536.269167,69.60983805
1/11/2002,2002,11,4,2,2,5,1582.29,24.5424812,319.07,588.1,4.5108,331.92,316.56,310.26,276.16,27.52681159,26.77580087,18.68818182,580.2,544.84,429.89,4.4013,4.5403,4.1226,1483.76,1479.55,1427.73,318.2566667,305.2991667,15.36089158,26.78336215,24.14714883,3.254516263,574.8766667,528.3716667,41.88608943,4.488566667,4.579233333,0.177838478,1514.92,1549.149167,61.53141008
1/12/2002,2002,12,4,2,1,5,1595.68,27.88698413,331.92,595.44,4.6313,356.859,319.07,319.14,275.85,24.5424812,28.28079365,18.51978947,588.1,556.33,461.73,4.5108,4.5536,4.3695,1582.29,1478.71,1471.74,322.5166667,309.9716667,14.06140807,26.65209231,24.92774838,2.884406414,587.9133333,539.5141667,40.30122409,4.514466667,4.60105,0.165392929,1553.91,1559.4775,57.63529886
1/1/2003,2003,1,1,2,1,5,1647.66,30.75031746,356.859,627.91,4.8062,358.97,331.92,316.56,281.51,27.88698413,27.52681159,19.15481241,595.44,580.2,472.11,4.6313,4.4013,4.5149,1595.68,1483.76,1503.96,335.9496667,316.25075,16.76085286,27.72659426,25.89404047,2.711736782,603.8166667,552.4975,41.68471883,4.649433333,4.625325,0.172810044,1608.543333,1571.4525,59.9342499
1/2/2003,2003,2,1,2,2,5,1683.8,32.88337719,358.97,681.7,4.6551,340.55,356.859,319.07,295.5,30.75031746,24.5424812,19.97523684,627.91,588.1,471.15,4.8062,4.5108,4.4232,1647.66,1582.29,1561.9,349.2496667,321.5399167,19.42076059,30.50689293,26.96971883,2.710623282,635.0166667,570.0433333,48.14312815,4.697533333,4.64465,0.160693664,1642.38,1581.610833,67.96099623
1/3/2003,2003,3,1,2,3,5,1658.976,30.35920635,340.55,674.33,4.5283,328.18,358.97,331.92,294.06,32.88337719,27.88698413,23.64066667,681.7,595.44,512.05,4.6551,4.6313,4.5393,1683.8,1595.68,1604.88,352.1263333,325.4140833,18.02763737,31.330967,27.52959714,2.653757833,661.3133333,583.5666667,52.92643631,4.6632,4.643733333,0.161379171,1663.478667,1586.118833,71.35424891
1/4/2003,2003,4,2,2,3,5,1587.475,25.55596825,328.18,624.91,4.4932,355.683,340.55,356.859,302.68,30.35920635,30.75031746,25.43424242,674.33,627.91,539.2,4.5283,4.8062,4.5757,1658.976,1647.66,1590.33,342.5666667,327.5390833,16.54629058,29.59951727,27.53974096,2.645239323,660.3133333,590.7091667,52.17276431,4.558866667,4.636858333,0.166225523,1643.417,1585.880917,71.34369006
1/5/2003,2003,5,2,2,2,5,1648.275,26.0649127,355.683,650.36,4.7413,356.352,328.18,358.97,314.49,25.55596825,32.88337719,25.67234519,624.91,681.7,533.85,4.4932,4.6551,4.6992,1587.475,1683.8,1595.68,341.471,330.9718333,17.81718591,27.32669577,27.57245492,2.622374199,649.8666667,600.4183333,51.46579868,4.5876,4.640366667,0.168094683,1631.575333,1590.263833,73.58089137
1/6/2003,2003,6,2,2,1,5,1686.5,27.91714286,356.352,661.67,4.5262,351.02,355.683,340.55,321.18,26.0649127,30.35920635,24.4880575,650.36,674.33,554.7,4.7413,4.5283,4.9044,1648.275,1658.976,1647.53,346.7383333,333.9028333,18.91886259,26.5126746,27.85821203,2.435919235,645.6466667,609.3325,52.08739598,4.5869,4.60885,0.148389803,1640.75,1593.511333,77.11328985
1/7/2003,2003,7,3,2,2,5,1710,28.59158762,351.02,681.52,4.797,359.768,356.352,328.18,313.29,27.91714286,25.55596825,25.7547481,661.67,624.91,526.2,4.5262,4.4932,4.9186,1686.5,1587.475,1589.46,354.3516667,337.047,18.30706785,27.52454772,28.09461532,2.349339729,664.5166667,622.2758333,48.74211273,4.688166667,4.598716667,0.128075978,1681.591667,1603.556333,84.07433185
1/8/2003,2003,8,3,2,2,5,1760.275,29.67555556,359.768,692.19,4.9893,378.945,351.02,355.683,310.26,28.59158762,26.0649127,26.77580087,681.52,650.36,544.84,4.797,4.7413,4.5403,1710,1648.275,1479.55,355.7133333,341.1726667,17.27079256,28.72809534,28.33626155,2.35048843,678.46,634.555,45.9407487,4.770833333,4.636133333,0.168625666,1718.925,1626.950083,85.47694285
1/9/2003,2003,9,3,2,3,5,1789.523,26.88233045,378.945,705.25,5.1708,378.92,359.768,356.352,319.14,29.67555556,27.91714286,28.28079365,692.19,661.67,556.33,4.9893,4.5262,4.5536,1760.275,1686.5,1478.71,363.2443333,346.1564167,18.88804487,28.38315787,28.21972295,2.387859796,692.9866667,646.965,42.90222658,4.9857,4.687566667,0.225649126,1753.266,1652.851167,83.54303347
1/10/2003,2003,10,4,2,2,5,1920.543,29.01449275,378.92,732.48,5.0022,389.91,378.945,351.02,316.56,26.88233045,28.59158762,27.52681159,705.25,681.52,580.2,5.1708,4.797,4.4013,1789.523,1710,1483.76,372.5443333,351.3530833,18.58098003,28.52412625,28.34369638,2.387233439,709.9733333,659.655,43.86904925,5.0541,4.737641667,0.223005966,1823.447,1689.24975,97.20766685
1/11/2003,2003,11,4,2,2,5,2055.425,29.12274074,389.91,760.38,5.1777,406.953,378.92,359.768,319.07,29.01449275,29.67555556,24.5424812,732.48,692.19,588.1,5.0022,4.9893,4.5108,1920.543,1760.275,1582.29,382.5916667,357.2564167,18.64507546,28.33985465,28.72538467,2.069193086,732.7033333,674.0116667,46.4381009,5.1169,4.793216667,0.243493419,1921.830333,1728.677667,137.4877957
1/12/2003,2003,12,4,2,2,5,2201.286,29.96920635,406.953,807.87,5.6276,413.788,389.91,378.945,331.92,29.12274074,26.88233045,27.88698413,760.38,705.25,595.44,5.1777,5.1708,4.6313,2055.425,1789.523,1595.68,391.9276667,363.5091667,21.70605492,29.36881328,28.89890319,2.079773438,766.91,691.7141667,53.68720339,5.269166667,4.876241667,0.335673032,2059.084667,1779.144833,186.605776
1/1/2004,2004,1,1,2,2,5,2423.571,31.3677193,413.788,849.93,6.3005,404.878,406.953,378.92,356.859,29.96920635,29.01449275,30.75031746,807.87,732.48,627.91,5.6276,5.0022,4.8062,2201.286,1920.543,1647.66,403.5503333,368.25325,25.93057421,30.15322213,28.95035334,2.136598525,806.06,710.2158333,66.44136998,5.701933333,5.000766667,0.528889788,2226.760667,1843.804083,257.7641402
1/2/2004,2004,2,1,2,2,5,2759.525,31.33133333,404.878,846.32,6.4406,406.667,413.788,389.91,358.97,31.3677193,29.12274074,32.88337719,849.93,760.38,681.7,6.3005,5.1777,4.6551,2423.571,2055.425,1683.8,408.5396667,372.0789167,27.75854716,30.88941966,28.82101635,1.912048836,834.7066667,723.9341667,76.28409312,6.1229,5.149558333,0.658161043,2461.460667,1933.447833,362.7392426
1/3/2004,2004,3,1,2,3,5,3008.717,33.66507246,406.667,899.76,7.2254,403.26,404.878,406.953,340.55,31.33133333,29.96920635,30.35920635,846.32,807.87,674.33,6.4406,5.6276,4.5283,2759.525,2201.286,1658.976,408.4443333,377.5886667,27.4919511,32.12137503,29.0965052,2.343334069,865.3366667,742.72,89.56011257,6.6555,5.374316667,0.857156852,2730.604333,2045.92625,464.8000159
1/4/2004,2004,4,2,2,2,5,2948.725,33.7113925,403.26,880.64,7.1486,383.779,406.667,413.788,328.18,33.66507246,31.3677193,25.55596825,899.76,849.93,624.91,7.2254,6.3005,4.4932,3008.717,2423.571,1587.475,404.935,383.8453333,23.47519311,32.90259943,29.77612388,2.404967669,875.5733333,764.0308333,89.40411944,6.9382,5.5956,0.947053592,2905.655667,2159.36375,506.9409899
1/5/2004,2004,5,2,2,5,5,2733.5,37.55789891,383.779,809.83,5.8674,392.373,403.26,404.878,355.683,33.7113925,31.33133333,26.0649127,880.64,846.32,650.36,7.1486,6.4406,4.7413,2948.725,2759.525,1648.275,397.902,386.1866667,21.74864026,34.97812129,30.73387274,3.00602583,863.41,777.32,82.56201207,6.747133333,5.689441667,0.909764565,2896.980667,2249.799167,504.2689387
1/6/2004,2004,6,2,2,2,5,2686.705,35.5427417,392.373,807.55,5.8618,398.091,383.779,406.667,356.352,37.55789891,33.66507246,27.91714286,809.83,899.76,661.67,5.8674,7.2254,4.5262,2733.5,3008.717,1686.5,393.1373333,389.1884167,19.64011256,35.60401104,31.36933931,3.158589222,832.6733333,789.4766667,74.31313359,6.2926,5.800741667,0.83297447,2789.643333,2333.149583,484.9903505
1/7/2004,2004,7,3,2,2,5,2808.432,37.89199856,398.091,809.52,6.3141,400.51,392.373,403.26,351.02,35.5427417,33.7113925,28.59158762,807.55,880.64,681.52,5.8618,7.1486,4.797,2686.705,2948.725,1710,391.4143333,393.111,15.61136612,36.99754639,32.14437355,3.53379254,808.9666667,800.1433333,66.14627047,6.014433333,5.927166667,0.780241875,2742.879,2424.685583,459.6840754
1/8/2004,2004,8,3,2,1,5,2846.095,42.08406926,400.51,848.68,6.66,405.275,398.091,383.779,359.768,37.89199856,37.55789891,29.67555556,809.52,809.83,692.19,6.3141,5.8674,4.9893,2808.432,2733.5,1760.275,396.9913333,396.5061667,11.62100741,38.50626984,33.17841636,4.443955456,821.9166667,813.1841667,57.8318455,6.278633333,6.066391667,0.745983112,2780.410667,2515.170583,422.3632637
1/9/2004,2004,9,3,2,2,5,2894.864,41.5968254,405.275,847.89,6.4034,420.464,400.51,392.373,378.945,42.08406926,35.5427417,26.88233045,848.68,807.55,705.25,6.66,5.8618,5.1708,2846.095,2686.705,1789.523,401.292,398.7003333,10.42833291,40.52429774,34.40462427,4.576839162,835.3633333,825.0708333,47.33722569,6.459166667,6.169108333,0.69454239,2849.797,2607.282333,366.5670934
1/10/2004,2004,10,4,2,4,5,3012.238,46.88111111,420.464,841.43,7.095,439.375,405.275,398.091,378.92,41.5968254,37.89199856,29.01449275,847.89,809.52,732.48,6.4034,6.3141,5.0022,2894.864,2808.432,1920.543,408.7496667,402.1623333,10.15704714,43.52066859,35.89350914,5.480792015,846,834.15,37.36104802,6.719466667,6.343508333,0.635101742,2917.732333,2698.256917,312.0529465
1/11/2004,2004,11,4,2,1,5,3122.795,42.12554545,439.375,854.41,7.4926,442.079,420.464,400.51,389.91,46.88111111,42.08406926,29.12274074,841.43,848.68,760.38,7.095,6.66,5.1777,3012.238,2846.095,2055.425,421.7046667,406.2844167,14.03108792,43.53449399,36.9770762,5.302961894,847.91,841.9858333,29.52037554,6.997,6.536416667,0.599365994,3009.965667,2787.204417,259.9313325
1/12/2004,2004,12,4,2,2,5,3145.452,39.04494444,442.079,848.24,7.085,424.03,439.375,405.275,406.953,42.12554545,41.5968254,29.96920635,854.41,847.89,807.87,7.4926,6.4034,5.6276,3122.795,2894.864,2201.286,433.9726667,409.2115833,17.43447798,42.683867,37.7333877,4.839583073,848.0266667,845.35,27.51097533,7.2242,6.657866667,0.543526385,3093.495,2865.884917,203.1481234
1/1/2005,2005,1,1,2,1,5,3170,42.97227778,424.03,859.07,6.619,423.35,442.079,420.464,413.788,39.04494444,46.88111111,31.3677193,848.24,841.43,849.93,7.085,7.095,6.3005,3145.452,3012.238,2423.571,435.1613333,410.0650833,17.92274223,41.38092256,38.70043424,4.605720696,853.9066667,846.1116667,27.77456614,7.065533333,6.684408333,0.53214629,3146.082333,2928.087333,166.34451
1/2/2005,2005,2,1,2,2,5,3253.7,44.81821053,423.35,864.32,7.03,433.85,424.03,439.375,404.878,42.97227778,42.12554545,31.33133333,859.07,854.41,846.32,6.619,7.4926,6.4406,3170,3122.795,2759.525,429.8196667,411.6044167,18.22740243,42.27847758,39.82434068,4.277901406,857.21,847.6116667,28.26850442,6.911333333,6.733525,0.53479122,3189.717333,2969.268583,181.3171657
1/3/2005,2005,3,1,2,4,5,3379.49,50.94287879,433.85,866.83,7.2282,429.233,423.35,442.079,406.667,44.81821053,39.04494444,33.66507246,864.32,848.24,899.76,7.03,7.085,7.2254,3253.7,3145.452,3008.717,427.0766667,413.8696667,19.22009317,46.2444557,41.26415787,4.881442289,863.4066667,844.8675,24.02597463,6.959066667,6.733758333,0.535025898,3267.73,3000.166333,216.7747977
1/4/2005,2005,4,2,2,3,5,3394.476,50.64047619,429.233,864.86,7.1188,421.873,433.85,424.03,403.26,50.94287879,42.97227778,33.7113925,866.83,859.07,880.64,7.2282,6.619,7.1486,3379.49,3170,2948.725,428.811,416.0340833,19.37848476,48.80052183,42.67491484,4.946086834,865.3366667,843.5525,22.25676531,7.125666667,6.731275,0.532990645,3342.555333,3037.31225,243.6802142
1/5/2005,2005,5,2,2,5,5,3249.1,47.82657287,421.873,866.23,7.0224,430.657,429.233,423.35,383.779,50.64047619,44.81821053,37.55789891,864.86,864.32,809.83,7.1188,7.03,5.8674,3394.476,3253.7,2733.5,428.3186667,419.2085833,16.52423986,49.80330928,43.53063767,4.86798553,865.9733333,848.2525,20.36258071,7.123133333,6.827525,0.462421915,3341.022,3080.278917,230.3315928
1/6/2005,2005,6,2,2,1,5,3524.068,53.89030303,430.657,880.09,7.3105,424.479,421.873,433.85,392.373,47.82657287,50.94287879,35.5427417,866.23,866.83,807.55,7.0224,7.2282,5.8618,3249.1,3379.49,2686.705,427.2543333,422.3989167,14.43585977,50.78578403,45.05960112,5.010294384,870.3933333,854.2975,17.7851067,7.150566667,6.94825,0.366546545,3389.214667,3150.059167,227.0754765
1/7/2005,2005,7,3,2,2,5,3614.214,56.36580952,424.479,873.67,7.0145,437.93,430.657,429.233,398.091,53.89030303,50.64047619,37.89199856,880.09,864.86,809.52,7.3105,7.1188,6.3141,3524.068,3394.476,2808.432,425.6696667,424.5979167,12.23912966,52.69422848,46.59908536,5.428453899,873.33,859.6433333,11.70370674,7.1158,7.006616667,0.30737642,3462.460667,3217.207667,235.8388371
1/8/2005,2005,8,3,2,4,5,3797.75,61.89052042,437.93,898.43,7.0334,456.048,424.479,421.873,400.51,56.36580952,47.82657287,42.08406926,873.67,866.23,848.68,7.0145,7.0224,6.66,3614.214,3249.1,2846.095,431.022,427.71625,10.12911163,57.38221099,48.24962296,6.774957581,884.0633333,863.7891667,15.62253585,7.119466667,7.037733333,0.287344925,3645.344,3296.51225,258.6070579
1/9/2005,2005,9,3,2,3,5,3857.841,61.68769841,456.048,914.64,7.1536,469.898,437.93,430.657,405.275,61.89052042,53.89030303,41.5968254,898.43,880.09,847.89,7.0334,7.3105,6.4034,3797.75,3524.068,2894.864,439.4856667,431.9473333,10.50039605,59.98134279,49.92386238,7.43203005,895.58,869.3516667,20.55243132,7.067166667,7.10025,0.207229445,3756.601667,3376.760333,271.7193245
1/10/2005,2005,10,4,2,2,5,4059.762,58.18507937,469.898,931,7.6705,476.666,456.048,424.479,420.464,61.68769841,56.36580952,46.88111111,914.64,873.67,841.43,7.1536,7.0145,7.095,3857.841,3614.214,3012.238,454.6253333,436.0668333,14.51514658,60.58776607,50.86585973,7.72202776,914.69,876.8158333,25.22401253,7.285833333,7.148208333,0.264565158,3905.117667,3464.054,309.5917897
1/11/2005,2005,11,4,2,4,5,4269.341,55.0428254,476.666,962.61,7.8725,510.097,469.898,437.93,439.375,58.18507937,61.89052042,42.12554545,931,898.43,854.41,7.6705,7.0334,7.4926,4059.762,3797.75,3122.795,467.5373333,439.1744167,18.6816579,58.30520106,51.94229973,7.280585089,936.0833333,885.8325,34.22090433,7.565533333,7.179866667,0.325284176,4062.314667,3559.5995,366.4076189
1/12/2005,2005,12,4,2,4,5,4576.775,56.42964286,510.097,976.59,8.627,549.864,476.666,456.048,442.079,55.0428254,61.68769841,39.04494444,962.61,914.64,848.24,7.8725,7.1536,7.085,4269.341,3857.841,3145.452,485.5536667,444.8425833,27.75720483,56.55251587,53.3910246,6.117671436,956.7333333,896.5283333,40.8241136,8.056666667,7.308366667,0.526649439,4301.959333,3678.876417,444.0724784
1/1/2006,2006,1,1,2,4,5,4734.333,62.45703968,549.864,1026.05,9.1391,554.995,510.097,469.898,424.03,56.42964286,58.18507937,42.97227778,976.59,931,859.07,8.627,7.6705,6.619,4576.775,4059.762,3170,512.209,455.32875,40.17224806,57.97650265,55.01475476,5.670411966,988.4166667,910.4433333,53.41254489,8.5462,7.518375,0.700523965,4526.816333,3809.2375,506.3514118
1/2/2006,2006,2,1,2,2,5,4982.4,59.70492105,554.995,1041.5,9.5349,557.093,549.864,476.666,423.35,62.45703968,55.0428254,44.81821053,1026.05,962.61,864.32,9.1391,7.8725,7.03,4734.333,4269.341,3253.7,538.3186667,466.2991667,47.8809367,59.53053453,56.25531397,4.798196539,1014.713333,925.2083333,63.11196743,9.100333333,7.727116667,0.889486983,4764.502667,3953.295833,575.1651123
1/3/2006,2006,3,1,2,3,5,5102.848,60.92927536,557.093,1041.09,10.3838,610.653,554.995,510.097,433.85,59.70492105,56.42964286,50.94287879,1041.5,976.59,866.83,9.5349,8.627,7.2282,4982.4,4576.775,3379.49,553.984,476.5694167,53.20907341,61.03041203,57.08751368,4.656987531,1036.213333,939.73,68.29369064,9.685933333,7.990083333,1.155315341,4939.860333,4096.909,631.2818216
1/4/2006,2006,4,2,2,4,5,6387.778,67.97057505,610.653,1098.75,12.6144,675.393,557.093,549.864,429.233,60.92927536,62.45703968,50.64047619,1041.09,1026.05,864.86,10.3838,9.1391,7.1188,5102.848,4734.333,3394.476,574.247,491.68775,63.34477332,62.86825715,58.53168859,5.138198305,1060.446667,959.2208333,77.71009206,10.84436667,8.44805,1.726548245,5491.008667,4346.350833,873.4309588
1/5/2006,2006,5,2,2,4,5,8045.857,68.67594862,675.393,1260.83,13.3772,596.145,610.653,554.995,421.873,67.97057505,59.70492105,47.82657287,1098.75,1041.5,866.23,12.6144,9.5349,7.0224,6387.778,4982.4,3249.1,614.3796667,512.8144167,78.42521069,65.85859968,60.26913656,4.695197773,1133.556667,992.1041667,111.0988395,12.12513333,8.977616667,2.167726266,6512.161,4746.080583,1312.758305
1/6/2006,2006,6,2,2,5,5,7197.614,68.29015152,596.145,1188.55,10.7964,633.71,675.393,557.093,430.657,68.67594862,60.92927536,53.89030303,1260.83,1041.09,880.09,13.3772,10.3838,7.3105,8045.857,5102.848,3524.068,627.397,526.6050833,77.20551414,68.31222506,61.46912394,4.756442813,1182.71,1017.809167,118.2782932,12.26266667,9.268108333,2.157554987,7210.416333,5052.209417,1425.380365
1/7/2006,2006,7,3,2,2,5,7712.095,72.45013367,633.71,1228.83,11.2324,632.593,596.145,610.653,424.479,68.29015152,67.97057505,56.36580952,1188.55,1098.75,873.67,10.7964,12.6144,7.0145,7197.614,6387.778,3614.214,635.0826667,544.041,75.65543756,69.80541127,62.80948428,5.409093329,1226.07,1047.405833,123.2622635,11.802,9.6196,2.099840108,7651.855333,5393.6995,1536.12783
1/8/2006,2006,8,3,2,3,5,7695.659,71.81188406,632.593,1233.52,12.1874,598.186,633.71,675.393,437.93,72.45013367,68.67594862,61.89052042,1228.83,1260.83,898.43,11.2324,13.3772,7.0334,7712.095,8045.857,3797.75,620.816,560.2629167,71.59564675,70.85072308,63.63626459,5.983592081,1216.966667,1075.33,124.395636,11.4054,10.0491,2.049260103,7535.122667,5718.52525,1579.482002
1/9/2006,2006,9,3,2,1,5,7602.357,62.12125397,598.186,1183.6,11.6769,585.78,632.593,596.145,456.048,71.81188406,68.29015152,61.68769841,1233.52,1188.55,914.64,12.1874,10.7964,7.1536,7695.659,7197.614,3857.841,621.4963333,572.10775,64.15826557,68.7944239,63.67239422,5.97205461,1215.316667,1097.743333,116.8098079,11.6989,10.42604167,1.877012351,7670.037,6030.56825,1548.03757
1/10/2006,2006,10,4,2,4,5,7500.386,57.91046898,585.78,1082.45,11.5586,627.827,598.186,633.71,469.898,62.12125397,72.45013367,58.18507937,1183.6,1228.83,931,11.6769,11.2324,7.6705,7602.357,7712.095,4059.762,605.5196667,581.7645833,55.5142551,63.947869,63.64951002,5.995473087,1166.523333,1110.364167,104.7112762,11.80763333,10.75005,1.683741254,7599.467333,6317.286917,1466.300829
1/11/2006,2006,11,4,2,2,5,7029.182,58.14304545,627.827,1183,12.9311,629.791,585.78,632.593,476.666,57.91046898,71.81188406,55.0428254,1082.45,1233.52,962.61,11.5586,12.1874,7.8725,7500.386,7695.659,4269.341,603.931,594.3613333,45.79802933,59.39158947,63.90786169,5.647588847,1149.683333,1128.73,95.34911431,12.05553333,11.1716,1.523425059,7377.308333,6547.273667,1325.566932
1/12/2006,2006,12,4,2,2,5,6675.105,60.99441228,629.791,1121.19,13.2786,631.166,627.827,598.186,510.097,58.14304545,62.12125397,56.42964286,1183,1183.6,976.59,12.9311,11.6769,8.627,7029.182,7602.357,4576.775,614.466,604.3358333,38.17775411,59.01597557,64.28825914,5.236895868,1128.88,1140.78,82.66791815,12.58943333,11.55923333,1.404227631,7068.224333,6722.1345,1171.439081
1/1/2007,2007,1,1,2,1,5,5669.659,53.5169697,631.166,1146.65,12.8413,664.745,629.791,585.78,549.864,60.99441228,57.91046898,62.45703968,1121.19,1082.45,1026.05,13.2786,11.5586,9.1391,6675.105,7500.386,4734.333,629.5946667,611.111,34.68663958,57.55147581,63.54325331,6.087862507,1150.28,1150.83,74.36597805,13.017,11.86775,1.218600793,6457.982,6800.078333,1052.201661
1/2/2007,2007,2,1,2,1,5,5676.45,57.5625,664.745,1204.55,13.91,654.895,631.166,627.827,554.995,53.5169697,58.14304545,59.70492105,1146.65,1183,1041.5,12.8413,12.9311,9.5349,5669.659,7029.182,4982.4,641.9006667,620.2568333,32.97194111,57.35796066,63.36471822,6.24016963,1157.463333,1164.4175,67.11633944,13.3433,12.23234167,1.106523538,6007.071333,6857.915833,958.0688762
1/3/2007,2007,3,1,2,3,5,6452.477,60.59984848,654.895,1218.77,13.1843,679.368,664.745,629.791,557.093,57.5625,60.99441228,60.92927536,1204.55,1121.19,1041.09,13.91,13.2786,10.3838,5676.45,6675.105,5102.848,650.2686667,628.407,27.5873292,57.22643939,63.33726598,6.252570136,1189.99,1179.224167,56.13644635,13.31186667,12.46571667,0.967841527,5932.862,6970.384917,799.3850875
1/4/2007,2007,4,2,2,2,5,7766.474,65.05764035,679.368,1275.81,13.7233,667.31,654.895,631.166,610.653,60.59984848,53.5169697,67.97057505,1218.77,1146.65,1098.75,13.1843,12.8413,12.6144,6452.477,5669.659,6387.778,666.336,634.13325,30.54059562,61.07332961,63.09452142,6.11128615,1233.043333,1193.979167,56.33061342,13.60586667,12.558125,1.034004877,6631.800333,7085.27625,807.0771331
1/5/2007,2007,5,2,2,1,5,7681.42,65.15725955,667.31,1300.65,13.1478,655.66,679.368,664.745,675.393,65.05764035,57.5625,68.67594862,1275.81,1204.55,1260.83,13.7233,13.91,13.3772,7766.474,5676.45,8045.857,667.191,633.4596667,29.6232295,63.60491613,62.80129733,5.899898282,1265.076667,1197.2975,61.55707981,13.3518,12.53900833,1.019504083,7300.123667,7054.9065,773.8165521
1/6/2007,2007,6,2,2,3,5,7474.38,68.18809524,655.66,1286.24,13.1443,665.38,667.31,654.895,596.145,65.15725955,60.59984848,68.29015152,1300.65,1218.77,1188.55,13.1478,13.1843,10.7964,7681.42,6452.477,7197.614,667.446,638.41925,27.72952781,66.13433171,62.79279264,5.891334164,1287.566667,1205.438333,66.55208921,13.33846667,12.73466667,0.868833195,7640.758,7077.970333,782.5321324
1/7/2007,2007,7,3,2,2,5,7972.57,73.60169553,665.38,1303.02,12.9093,665.411,655.66,679.368,633.71,68.18809524,65.05764035,72.45013367,1286.24,1275.81,1228.83,13.1443,13.7233,11.2324,7474.38,7766.474,7712.095,662.7833333,641.0584167,28.72964328,68.98235011,62.88875613,6.069623611,1296.636667,1211.620833,72.13454493,13.06713333,12.87440833,0.728818545,7709.456667,7099.676583,805.0105847
1/8/2007,2007,8,3,2,5,5,7513.5,70.12681159,665.411,1263.61,12.3343,712.653,665.38,667.31,632.593,73.60169553,65.15725955,71.81188406,1303.02,1300.65,1233.52,12.9093,13.1478,12.1874,7972.57,7681.42,7695.659,662.1503333,643.79325,29.40462195,70.63886745,62.74833343,5.860299799,1284.29,1214.128333,73.47551699,12.79596667,12.88665,0.717373964,7653.483333,7084.496667,794.3981185
1/9/2007,2007,9,3,2,3,5,7648.975,76.7624386,712.653,1307.65,12.8335,754.604,665.411,655.66,598.186,70.12681159,68.18809524,62.12125397,1263.61,1286.24,1183.6,12.3343,13.1443,11.6769,7513.5,7474.38,7602.357,681.148,653.3321667,31.73856624,73.49698191,63.96843215,7.108973046,1291.426667,1224.465833,77.41101853,12.69236667,12.98303333,0.609674455,7711.681667,7088.3815,797.2696269
1/10/2007,2007,10,4,2,2,5,8008.435,81.96724638,754.604,1410.7,13.6704,806.248,712.653,665.38,585.78,76.7624386,73.60169553,57.91046898,1307.65,1303.02,1082.45,12.8335,12.9093,11.5586,7648.975,7972.57,7500.386,710.8893333,667.4008333,36.17917894,76.28549886,65.9731636,8.50103466,1327.32,1251.82,80.59595433,12.94606667,13.15901667,0.443186125,7723.636667,7130.718917,833.7902881
1/11/2007,2007,11,4,2,2,5,6966.705,91.33826118,806.248,1448.73,14.7016,803.203,754.604,665.411,627.827,81.96724638,70.12681159,58.14304545,1410.7,1263.61,1183,13.6704,12.3343,12.9311,8008.435,7513.5,7029.182,757.835,682.26925,51.74928415,83.35598205,68.73943157,10.80906209,1389.026667,1273.964167,95.15813284,13.73516667,13.30655833,0.619893552,7541.371667,7125.5125,834.6765421
1/12/2007,2007,12,4,2,3,5,6587.667,89.51994152,803.203,1492.9,14.3036,889.595,806.248,712.653,629.791,91.33826118,76.7624386,60.99441228,1448.73,1307.65,1121.19,14.7016,12.8335,13.2786,6966.705,7648.975,6675.105,788.0183333,696.72025,59.40837167,87.60848303,71.11655901,12.01979242,1450.776667,1304.94,101.2129613,14.2252,13.391975,0.683088341,7187.602333,7118.226,839.3345837
1/1/2008,2008,1,1,2,2,5,7061.023,90.68993506,889.595,1583.3,15.9089,922.298,803.203,754.604,631.166,89.51994152,81.96724638,53.5169697,1492.9,1410.7,1146.65,14.3036,13.6704,12.8413,6587.667,8008.435,5669.659,833.0153333,718.256,77.55393902,90.51604592,74.21430612,11.86073954,1508.31,1341.3275,116.4726509,14.97136667,13.64760833,0.971418559,6871.798333,7234.173,706.6508284
1/2/2008,2008,2,1,2,4,5,7887.69,93.38759064,922.298,1999.67,17.569,968.434,889.595,806.248,664.745,90.68993506,91.33826118,57.5625,1583.3,1448.73,1204.55,15.9089,14.7016,13.91,7061.023,6966.705,5676.45,871.6986667,739.71875,95.06106316,91.19915574,77.19973034,11.79687041,1691.956667,1407.5875,215.5852023,15.92716667,13.952525,1.494625746,7178.793333,7418.443,529.6677909
1/3/2008,2008,3,1,2,4,5,8439.289,101.8428333,968.434,2025.19,19.3174,909.705,922.298,803.203,654.895,93.38759064,89.51994152,60.59984848,1999.67,1492.9,1218.77,17.569,14.3036,13.1843,7887.69,6587.667,6452.477,926.7756667,765.847,111.325091,95.30678635,80.63664575,12.50747218,1869.386667,1474.789167,270.1573289,17.59843333,14.46361667,2.124106339,7796.000667,7584.010667,510.4465132
1/4/2008,2008,4,2,2,3,5,8684.932,108.7581818,909.705,1988.41,17.5,888.663,968.434,889.595,679.368,101.8428333,90.68993506,65.05764035,2025.19,1583.3,1275.81,19.3174,15.9089,13.7233,8439.289,7061.023,7766.474,933.479,785.04175,114.8601047,101.3295353,84.27835754,13.84910916,2004.423333,1534.1725,299.2007374,18.1288,14.77834167,2.27861677,8337.303667,7660.548833,601.101254
1/5/2008,2008,5,2,2,3,5,8382.75,122.6326089,888.663,2052.45,17.06,889.488,909.705,922.298,667.31,108.7581818,93.38759064,65.15725955,1988.41,1999.67,1300.65,17.5,17.569,13.1478,8684.932,7887.69,7681.42,922.2673333,803.4878333,111.9719051,111.0778747,89.06796999,16.3482655,2022.016667,1596.8225,323.5752593,17.95913333,15.10435833,2.303848449,8502.323667,7718.993,636.3746871
1/6/2008,2008,6,2,2,2,5,8260.595,131.5211111,889.488,2039.24,16.969,939.772,888.663,968.434,655.66,122.6326089,101.8428333,68.18809524,2052.45,2025.19,1286.24,17.06,19.3174,13.1443,8382.75,8439.289,7474.38,895.952,822.9735,103.9674113,120.970634,94.34572131,19.00231504,2026.7,1659.5725,330.8022532,17.17633333,15.42308333,2.272382146,8442.759,7784.510917,649.2433501
1/7/2008,2008,7,3,2,2,5,8414.043,132.8251845,939.772,1904.43,18.0339,839.025,889.488,909.705,665.38,131.5211111,108.7581818,73.60169553,2039.24,1988.41,1303.02,16.969,17.5,12.9093,8260.595,8684.932,7972.57,905.9743333,845.8395,96.02716455,128.9929682,99.28101205,20.73652265,1998.706667,1709.69,317.1486291,17.3543,15.85013333,2.238297311,8352.462667,7821.300333,672.9439457
1/8/2008,2008,8,3,2,5,5,7634.7,114.5668254,839.025,1485.55,14.635,829.932,939.772,888.663,665.411,132.8251845,122.6326089,70.12681159,1904.43,2052.45,1263.61,18.0339,17.06,12.3343,8414.043,8382.75,7513.5,889.4283333,860.3073333,77.70196852,126.3043737,102.9843465,18.94765406,1809.74,1728.185,294.4273912,16.54596667,16.04185833,1.995086844,8103.112667,7831.400333,668.801072
1/9/2008,2008,9,3,2,5,5,6990.864,99.65676768,829.932,1223.18,12.373,806.62,839.025,889.488,712.653,114.5668254,131.5211111,76.7624386,1485.55,2039.24,1307.65,14.635,16.969,12.8335,7634.7,8260.595,7648.975,869.5763333,870.0805833,63.52395165,115.6829258,104.8922073,17.133048,1537.72,1721.145833,306.1710961,15.01396667,16.00348333,2.065591997,7679.869,7776.55775,710.7853168
1/10/2008,2008,10,4,2,5,5,4925.696,72.69275362,806.62,912.57,10.4413,760.863,829.932,939.772,754.604,99.65676768,132.8251845,81.96724638,1223.18,1904.43,1410.7,12.373,18.0339,13.6704,6990.864,8414.043,8008.435,825.1923333,874.41525,56.29076226,95.63878223,104.1193329,18.42191786,1207.1,1679.635,377.5385124,12.4831,15.73439167,2.550562415,6517.086667,7519.662833,1080.365221
1/11/2008,2008,11,4,2,5,5,3717,53.97272807,760.863,840.3,9.8652,816.092,806.62,839.025,806.248,72.69275362,114.5668254,91.33826118,912.57,1485.55,1448.73,10.4413,14.635,14.7016,4925.696,7634.7,6966.705,799.1383333,870.6331667,62.47242209,75.44074979,101.0055385,23.29263487,992.0166667,1628.9325,446.0132299,10.89316667,15.33135833,3.059865962,5211.186667,7248.854083,1540.764651
1/12/2008,2008,12,4,2,5,5,3071.976,41.33892496,816.092,839.7,10.2857,858.69,760.863,829.932,803.203,53.97272807,99.65676768,89.51994152,840.3,1223.18,1492.9,9.8652,12.373,14.3036,3717,6990.864,6587.667,794.525,871.70725,61.3076492,56.00146889,96.99045376,28.92427448,864.19,1574.499167,500.6389606,10.1974,14.99653333,3.385096537,3904.890667,6955.879833,1956.170843
1/1/2009,2009,1,1,2,5,5,3220.69,43.85521429,858.69,947.41,11.2682,943,816.092,806.62,889.595,41.33892496,72.69275362,90.68993506,839.7,912.57,1583.3,10.2857,10.4413,15.9089,3071.976,4925.696,7061.023,811.8816667,869.1318333,61.13679914,46.38895577,93.08756036,32.75753406,875.8033333,1521.508333,532.2764221,10.47303333,14.60980833,3.533232437,3336.555333,6635.852083,2232.084695
1/2/2009,2009,2,1,2,5,5,3314.725,41.84367544,943,1033.25,13.4125,924.273,858.69,760.863,922.298,43.85521429,53.97272807,93.38759064,947.41,840.3,1999.67,11.2682,9.8652,17.569,3220.69,3717,7887.69,872.594,870.857,63.03602193,42.34593823,88.79223409,35.93942404,940.12,1440.973333,526.4311291,11.65546667,14.26343333,3.418639685,3202.463667,6254.771667,2384.12062
1/3/2009,2009,3,1,2,1,5,3749.75,46.64530303,924.273,1081.77,13.1168,890.2,943,816.092,968.434,41.84367544,41.33892496,101.8428333,1033.25,839.7,2025.19,13.4125,10.2857,19.3174,3314.725,3071.976,8439.289,908.6543333,867.1769167,57.9015015,44.11473092,84.1924399,37.61070034,1020.81,1362.355,501.0874433,12.59916667,13.74671667,3.032045601,3428.388333,5863.97675,2377.827733
1/4/2009,2009,4,2,2,4,5,4406.55,50.27809524,890.2,1165.45,12.4793,928.645,924.273,858.69,909.705,46.64530303,43.85521429,108.7581818,1081.77,947.41,1988.41,13.1168,11.2682,17.5,3749.75,3220.69,8684.932,919.1576667,865.5515,56.86358747,46.25569124,79.31909935,37.92567648,1093.49,1293.775,462.4404633,13.00286667,13.328325,2.804945243,3823.675,5507.444917,2232.724321
1/5/2009,2009,5,2,2,2,5,4568.632,58.15388889,928.645,1128.67,13.9838,945.67,890.2,943,888.663,50.27809524,41.84367544,122.6326089,1165.45,1033.25,2052.45,12.4793,13.4125,17.06,4406.55,3314.725,8382.75,914.3726667,868.8833333,59.45325003,51.69242905,73.94587268,35.73561191,1125.296667,1216.793333,396.9108882,13.1933,13.071975,2.563033737,4241.644,5189.60175,2050.218079
1/6/2009,2009,6,2,2,4,5,5013.955,69.14969697,945.67,1217.86,14.6543,934.228,928.645,924.273,889.488,58.15388889,46.64530303,131.5211111,1128.67,1081.77,2039.24,13.9838,13.1168,16.969,4568.632,3749.75,8260.595,921.505,873.5651667,63.31033483,59.1938937,68.74825484,30.79445934,1170.66,1148.345,301.5537508,13.7058,12.87908333,2.318522717,4663.045667,4919.048417,1808.032553
1/7/2009,2009,7,3,2,4,5,5215.543,64.66667325,934.228,1162.26,13.3617,949.375,945.67,890.2,939.772,69.14969697,50.27809524,132.8251845,1217.86,1165.45,1904.43,14.6543,12.4793,18.0339,5013.955,4406.55,8414.043,936.181,873.1031667,62.80145967,63.99008637,63.0683789,23.2671452,1169.596667,1086.4975,186.5741509,13.99993333,12.48973333,1.678004399,4932.71,4652.50675,1445.343219
1/8/2009,2009,8,3,2,4,5,6165.3,71.62968254,949.375,1244.57,14.3567,996.591,934.228,928.645,839.025,64.66667325,58.15388889,114.5668254,1162.26,1128.67,1485.55,13.3617,13.9838,14.635,5215.543,4568.632,7634.7,943.091,882.299,65.38387875,68.48201759,59.49028366,17.11600326,1208.23,1066.415833,148.878776,14.12423333,12.46654167,1.647301585,5464.932667,4530.05675,1213.347212
1/9/2009,2009,9,3,2,5,5,6196.432,68.34611111,996.591,1288.7,16.3895,1043.159,949.375,945.67,829.932,71.62968254,69.14969697,99.65676768,1244.57,1217.86,1223.18,14.3567,14.6543,12.373,6165.3,5013.955,6990.864,960.0646667,896.18725,70.73081129,68.21415564,56.88106228,12.08273017,1231.843333,1071.875833,156.1733585,14.70263333,12.80125,1.997410224,5859.091667,4463.854083,1081.369782
1/10/2009,2009,10,4,2,2,5,6287.977,74.08060606,1043.159,1332.77,17.2361,1127.036,996.591,934.228,806.62,68.34611111,64.66667325,72.69275362,1288.7,1162.26,912.57,16.3895,13.3617,10.4413,6196.432,5215.543,4925.696,996.375,915.8988333,76.24551799,71.35213324,56.99671665,12.25327512,1288.68,1106.8925,164.1132401,15.9941,13.36748333,2.218459988,6216.569667,4577.3775,1199.334752
1/11/2009,2009,11,4,2,2,5,6675.595,77.55230159,1127.036,1400.62,17.8213,1134.724,1043.159,949.375,760.863,74.08060606,71.62968254,53.97272807,1332.77,1244.57,840.3,17.2361,14.3567,9.8652,6287.977,6165.3,3717,1055.595333,946.41325,81.64023472,73.32633959,58.96168111,13.54663596,1340.696667,1153.585833,161.0493391,17.14896667,14.03049167,2.265005432,6386.668,4823.927083,1305.765857
1/12/2009,2009,12,4,2,4,5,6981.714,74.88181818,1134.724,1437.48,17.6422,1117.963,1127.036,996.591,816.092,77.55230159,68.34611111,41.33892496,1400.62,1288.7,839.7,17.8213,16.3895,10.2857,6675.595,6196.432,3071.976,1101.639667,972.9659167,87.03875221,75.50490861,61.75692222,13.03057091,1390.29,1203.400833,146.9690619,17.56653333,14.64353333,2.152036606,6648.428667,5149.738583,1316.61216
1/1/2010,2010,1,1,2,2,6,7386.25,77.12108772,1117.963,1557.9,17.749,1095.413,1134.724,1043.159,858.69,74.88181818,74.08060606,43.85521429,1437.48,1332.77,947.41,17.6422,17.2361,11.2682,6981.714,6287.977,3220.69,1126.574333,994.572,88.26431548,76.5184025,64.52907833,12.3991268,1465.333333,1254.275,155.70343,17.7375,15.1836,2.038155609,7014.519667,5496.868583,1310.895163
1/2/2010,2010,2,1,2,5,6,6848.175,74.76301559,1095.413,1520.35,15.873,1113.337,1117.963,1127.036,943,77.12108772,77.55230159,41.84367544,1557.9,1400.62,1033.25,17.749,17.8213,13.4125,7386.25,6675.595,3314.725,1116.033333,1007.273083,91.08932137,75.5886405,67.27235668,10.40507243,1505.243333,1294.866667,156.3361161,17.08806667,15.38864167,1.966280136,7072.046333,5791.32275,1164.893548
1/3/2010,2010,3,1,2,4,6,7462.826,79.29768116,1113.337,1599.43,17.1061,1148.688,1095.413,1134.724,924.273,74.76301559,74.88181818,46.64530303,1520.35,1437.48,1081.77,15.873,17.6422,13.1168,6848.175,6981.714,3749.75,1108.904333,1023.028417,91.77625133,77.06059482,69.99338819,8.640316656,1559.226667,1338.005,163.4481954,16.90936667,15.72108333,1.882721008,7232.417,6100.74575,1061.891086
1/4/2010,2010,4,2,2,4,6,7745.075,84.18285714,1148.688,1710.5,18.0623,1205.434,1113.337,1117.963,890.2,79.29768116,77.12108772,50.27809524,1599.43,1557.9,1165.45,17.1061,17.749,12.4793,7462.826,7386.25,4406.55,1119.146,1044.569083,88.02407839,79.41451797,72.81878502,6.993891082,1610.093333,1383.425833,185.3961631,17.0138,16.18633333,1.688616105,7352.025333,6378.956167,1013.923364
1/5/2010,2010,5,2,2,5,6,6837.684,75.61831746,1205.434,1624.86,18.4333,1232.92,1148.688,1095.413,928.645,84.18285714,74.76301559,58.15388889,1710.5,1520.35,1128.67,18.0623,15.873,13.9838,7745.075,6848.175,4568.632,1155.819667,1067.634833,91.09705343,79.69961859,74.27415407,5.269299176,1644.93,1424.775,178.6214864,17.86723333,16.557125,1.6490641,7348.528333,6568.043833,842.7527601
1/6/2010,2010,6,2,2,5,6,6499.295,74.725,1232.92,1553.23,18.4548,1192.966,1205.434,1113.337,945.67,75.61831746,79.29768116,69.14969697,1624.86,1599.43,1217.86,18.4333,17.1061,14.6543,6837.684,7462.826,5013.955,1195.680667,1091.572333,93.83405249,78.17539153,74.73876265,5.016096995,1629.53,1452.7225,169.2969704,18.3168,16.87383333,1.614995465,7027.351333,6691.822167,688.7561748
1/7/2010,2010,7,3,2,2,6,6735.25,74.57940115,1192.966,1525.59,17.9605,1215.81,1232.92,1148.688,934.228,74.725,84.18285714,64.66667325,1553.23,1710.5,1162.26,18.4548,18.0623,13.3617,6499.295,7745.075,5215.543,1210.44,1113.133833,83.55606745,74.97423954,75.56482331,3.898291193,1567.893333,1483,143.0882088,18.28286667,17.25706667,1.197484648,6690.743,6818.464417,508.8545459
1/8/2010,2010,8,3,2,4,6,7283.952,75.82626984,1215.81,1540.59,18.3877,1270.977,1192.966,1205.434,949.375,74.57940115,75.61831746,71.62968254,1525.59,1624.86,1244.57,17.9605,18.4333,14.3567,6735.25,6837.684,6165.3,1213.898667,1135.33675,70.45797335,75.043557,75.91453892,3.696175244,1539.803333,1507.668333,122.2449158,18.26766667,17.59298333,0.813845482,6839.499,6911.685417,479.9654831
1/9/2010,2010,9,3,2,2,6,7709.295,76.11624098,1270.977,1591.75,20.5498,1342.024,1215.81,1232.92,996.591,75.82626984,74.725,68.34611111,1540.59,1553.23,1288.7,18.3877,18.4548,16.3895,7283.952,6499.295,6196.432,1226.584333,1158.20225,65.70008114,75.50730399,76.56204974,2.828542299,1552.643333,1532.9225,102.625238,18.966,17.939675,1.092862816,7242.832333,7037.757333,473.6607506
1/10/2010,2010,10,4,2,4,6,8292.405,81.71936508,1342.024,1688.69,23.3933,1369.886,1270.977,1192.966,1043.159,76.11624098,74.57940115,74.08060606,1591.75,1525.59,1332.77,20.5498,17.9605,17.2361,7709.295,6735.25,6287.977,1276.270333,1183.107667,74.21935323,77.88729197,77.19861299,3.068682755,1607.01,1562.5825,90.20040205,20.77693333,18.452775,1.888375661,7761.884,7204.793,534.709677
1/11/2010,2010,11,4,2,1,6,8469.886,84.53406349,1369.886,1692.77,26.5409,1390.553,1342.024,1215.81,1127.036,81.71936508,75.82626984,77.55230159,1688.69,1540.59,1400.62,23.3933,18.3877,17.8213,8292.405,7283.952,6675.595,1327.629,1203.345167,89.14802474,80.78988985,77.78042648,3.73200662,1657.736667,1586.928333,81.52051408,23.49466667,19.17940833,2.983418453,8157.195333,7354.31725,617.706799
1/12/2010,2010,12,4,2,1,6,9147.262,90.00596179,1390.553,1711.39,29.3248,1360.46,1369.886,1270.977,1134.724,84.53406349,76.11624098,74.88181818,1692.77,1591.75,1437.48,26.5409,20.5498,17.6422,8469.886,7709.295,6981.714,1367.487667,1224.66425,101.0422693,85.41979679,79.04077178,5.001879171,1697.616667,1609.754167,73.85810382,26.41966667,20.15295833,4.124219042,8636.517667,7534.779583,790.9830727
1/1/2011,2011,1,1,2,2,6,9555.7,92.69059524,1360.46,1785.43,28.5086,1374.68,1390.553,1342.024,1117.963,90.00596179,81.71936508,77.12108772,1711.39,1688.69,1557.9,29.3248,23.3933,17.749,9147.262,8292.405,7386.25,1373.633,1244.872333,102.0070726,89.07687351,80.33823074,6.307559995,1729.863333,1628.715,87.31562388,28.12476667,21.04959167,4.685483634,9057.616,7715.567083,979.4267937
1/2/2011,2011,2,1,2,2,6,9867.6,97.91419201,1374.68,1825.9,30.7785,1423.26,1360.46,1369.886,1095.413,92.69059524,84.53406349,74.76301559,1785.43,1692.77,1520.35,28.5086,26.5409,15.873,9555.7,8469.886,6848.175,1375.231,1268.144583,96.51784479,93.53691635,82.26749545,7.809115227,1774.24,1654.1775,96.87061851,29.5373,22.29171667,5.14190792,9523.520667,7967.185833,1114.824813
1/3/2011,2011,3,1,2,2,6,9503.36,108.6452174,1423.26,1770.17,35.8135,1480.89,1374.68,1390.553,1113.337,97.91419201,90.00596179,79.29768116,1825.9,1711.39,1599.43,30.7785,29.3248,17.1061,9867.6,9147.262,7462.826,1386.133333,1293.9715,92.71838453,99.75000155,84.71312347,10.81243538,1793.833333,1668.405833,100.5668975,31.7002,23.85066667,6.161578094,9642.22,8137.230333,1184.354394
1/4/2011,2011,4,2,2,2,6,9492.79,116.2431667,1480.89,1797.9,42.6952,1512.58,1423.26,1360.46,1148.688,108.6452174,92.69059524,84.18285714,1770.17,1785.43,1710.5,35.8135,28.5086,18.0623,9503.36,9555.7,7745.075,1426.276667,1321.655,94.9633438,107.6008587,87.38481593,14.12349269,1797.99,1675.689167,106.8605577,36.42906667,25.90340833,7.912370972,9621.25,8282.87325,1237.991868
1/5/2011,2011,5,2,2,3,6,8959.9,108.068513,1512.58,1786.55,37.3359,1529.36,1480.89,1374.68,1205.434,116.2431667,97.91419201,75.61831746,1797.9,1825.9,1624.86,42.6952,30.7785,18.4333,9492.79,9867.6,6837.684,1472.243333,1347.2505,101.9277296,110.9856323,90.08899889,14.75810124,1784.873333,1689.163333,110.0160521,38.61486667,27.478625,8.16748217,9318.683333,8459.724583,1162.025624
1/6/2011,2011,6,2,2,3,6,9066.85,105.8454545,1529.36,1768.5,35.795,1572.75,1512.58,1423.26,1232.92,108.068513,108.6452174,74.725,1786.55,1770.17,1553.23,37.3359,35.8135,18.4548,8959.9,9503.36,6499.295,1507.61,1371.953833,107.4714479,110.0523781,92.6823701,14.54561358,1784.316667,1707.1025,103.1739573,38.6087,28.92364167,7.95705069,9173.18,8673.6875,992.2103248
1/7/2011,2011,7,3,2,3,6,9650.46,107.9166111,1572.75,1759.76,37.9171,1759.01,1529.36,1480.89,1192.966,105.8454545,116.2431667,74.57940115,1768.5,1797.9,1525.59,35.795,42.6952,17.9605,9066.85,9492.79,6735.25,1538.23,1403.6025,105.8790185,107.2768595,95.46047093,13.9449375,1771.603333,1726.616667,86.52372889,37.016,30.58669167,7.531534954,9225.736667,8916.621667,815.6221874
1/8/2011,2011,8,3,2,5,6,9000.76,100.4864251,1759.01,1804.7,40.3313,1772.14,1572.75,1512.58,1215.81,107.9166111,108.068513,75.82626984,1759.76,1786.55,1540.59,37.9171,37.3359,18.3877,9650.46,8959.9,7283.952,1620.373333,1448.869167,131.3474389,104.7494969,97.51548387,12.53415525,1777.653333,1748.625833,66.0771983,38.01446667,32.415325,6.941177539,9239.356667,9059.689,633.4239536
1/9/2011,2011,9,3,2,3,6,8300.14,100.8193506,1772.14,1748.11,38.1545,1666.43,1759.01,1529.36,1270.977,100.4864251,105.8454545,76.11624098,1804.7,1768.5,1591.75,40.3313,35.795,20.5498,9000.76,9066.85,7709.295,1701.3,1490.63275,148.232524,103.074129,99.57407634,10.57565743,1770.856667,1761.655833,44.08774896,38.80096667,33.88238333,6.002270224,8983.786667,9108.926083,534.087514
1/10/2011,2011,10,4,2,3,6,7394.19,99.84775397,1666.43,1535.19,31.9748,1739,1772.14,1572.75,1342.024,100.8193506,107.9166111,81.71936508,1748.11,1759.76,1688.69,38.1545,37.9171,23.3933,8300.14,9650.46,8292.405,1732.526667,1517.666583,148.247909,100.3845099,101.0847754,8.965527289,1696,1748.864167,77.09513939,36.8202,34.59750833,5.079198989,8231.696667,9034.074833,697.0147279
1/11/2011,2011,11,4,2,3,6,7581.02,105.4050144,1739,1596.98,33.0818,1639.97,1666.43,1759.01,1369.886,99.84775397,100.4864251,84.53406349,1535.19,1804.7,1692.77,31.9748,40.3313,26.5409,7394.19,9000.76,8469.886,1725.856667,1548.426083,153.014404,102.0240397,102.8240213,7.339966307,1626.76,1740.881667,87.6656181,34.4037,35.14258333,4.44771687,7758.45,8960.002667,801.7789266
1/12/2011,2011,12,4,2,3,6,7565.48,104.2304762,1639.97,1454.59,30.3032,1654.05,1739,1772.14,1390.553,105.4050144,100.8193506,90.00596179,1596.98,1748.11,1711.39,33.0818,38.1545,29.3248,7581.02,8300.14,9147.262,1681.8,1569.210833,146.4177691,103.1610815,104.0093975,6.130699378,1528.92,1719.481667,120.655598,31.7866,35.22411667,4.339012192,7513.563333,8828.1875,893.0269501
1/1/2012,2012,1,1,2,4,6,8040.47,107.0745723,1654.05,1499.32,30.6509,1744.82,1639.97,1666.43,1360.46,104.2304762,99.84775397,92.69059524,1454.59,1535.19,1785.43,30.3032,31.9748,28.5086,7565.48,7394.19,9555.7,1677.673333,1593.676667,132.2042648,105.570021,105.2080623,5.0224828,1516.963333,1695.639167,133.9728282,31.3453,35.40264167,4.073539753,7728.99,8701.918333,887.9171779
1/2/2012,2012,2,1,2,2,6,8441.49,112.6875238,1744.82,1657.76,34.1405,1675.95,1654.05,1739,1374.68,107.0745723,105.4050144,97.91419201,1499.32,1596.98,1825.9,30.6509,33.0818,30.7785,8040.47,7581.02,9867.6,1679.613333,1624.521667,118.9825973,107.9975241,106.4391733,4.880693491,1537.223333,1681.6275,127.7593372,31.6982,35.68280833,3.835235946,8015.813333,8583.075833,809.7077337
1/3/2012,2012,3,1,2,3,6,8470.78,117.785,1675.95,1655.41,32.9532,1649.2,1744.82,1639.97,1423.26,112.6875238,104.2304762,108.6452174,1657.76,1454.59,1770.17,34.1405,30.3032,35.8135,8441.49,7565.48,9503.36,1691.606667,1645.579167,101.1493218,112.5156987,107.2008218,5.869278335,1604.163333,1672.064167,124.7896505,32.58153333,35.44445,3.914440485,8317.58,8497.0275,756.1101635
1/4/2012,2012,4,2,2,5,6,8289.48,113.6655,1649.2,1585.81,31.5255,1589.04,1675.95,1654.05,1480.89,117.785,107.0745723,116.2431667,1655.41,1499.32,1797.9,32.9532,30.6509,42.6952,8470.78,8040.47,9492.79,1689.99,1659.605,86.90273513,114.7126746,106.9860163,5.546555659,1632.993333,1654.39,120.2851294,32.87306667,34.51364167,3.315791844,8400.583333,8396.751667,688.8461016
1/5/2012,2012,5,2,2,3,6,7955.642857,104.0860343,1589.04,1470.7,28.7196,1598.76,1649.2,1744.82,1512.58,113.6655,112.6875238,108.068513,1585.81,1657.76,1786.55,31.5255,34.1405,37.3359,8289.48,8441.49,8959.9,1638.063333,1665.976667,77.42963378,111.8455114,106.654143,5.594831176,1570.64,1628.069167,123.2572886,31.0661,33.79561667,3.572092448,8238.634286,8313.063571,675.0754192
1/6/2012,2012,6,2,2,5,6,7423.02381,90.72825397,1598.76,1443.86,27.9836,1594.29,1589.04,1675.95,1529.36,104.0860343,117.785,105.8454545,1470.7,1655.41,1768.5,28.7196,32.9532,35.795,7955.642857,8470.78,9066.85,1612.333333,1671.76,68.35830295,102.8265961,105.3943763,7.250450231,1500.123333,1601.015833,125.2436008,29.40956667,33.14466667,3.873634213,7889.382222,8176.078056,674.9943741
1/7/2012,2012,7,3,2,1,6,7584.261364,96.75411255,1594.29,1425.82,27.4318,1630.31,1598.76,1649.2,1572.75,90.72825397,113.6655,107.9166111,1443.86,1585.81,1759.76,27.9836,31.5255,37.9171,7423.02381,8289.48,9650.46,1594.03,1673.555,65.75532464,97.18946693,104.4641681,7.604833126,1446.793333,1573.1875,123.8571138,28.045,32.27089167,3.881827063,7654.309343,8003.894836,507.4420344
1/8/2012,2012,8,3,2,3,6,7515.532609,105.273637,1630.31,1453.26,28.8002,1744.81,1594.29,1589.04,1759.01,96.75411255,104.0860343,100.4864251,1425.82,1470.7,1804.7,27.4318,28.7196,40.3313,7584.261364,7955.642857,9000.76,1607.786667,1662.83,60.86397307,97.5853345,104.8631024,7.502068643,1440.98,1543.900833,104.1146625,28.07186667,31.30996667,3.041372159,7507.605927,7880.125887,414.8826863
1/9/2012,2012,9,3,2,4,6,8087.74,106.2849649,1744.81,1623.65,33.6085,1746.58,1630.31,1598.76,1772.14,105.273637,90.72825397,100.8193506,1453.26,1443.86,1748.11,28.8002,27.9836,38.1545,7515.532609,7423.02381,8300.14,1656.47,1660.5525,56.77583963,102.7709048,105.3185703,7.399457757,1500.91,1533.529167,86.65825287,29.94683333,30.93113333,2.305385657,7729.177991,7862.425887,399.5834606
1/10/2012,2012,10,4,2,3,6,8062.03,103.4078656,1746.58,1635.83,33.1874,1721.64,1744.81,1594.29,1666.43,106.2849649,96.75411255,99.84775397,1623.65,1425.82,1535.19,33.6085,27.4318,31.9748,8087.74,7584.261364,7394.19,1707.233333,1667.231667,62.00389003,104.9888225,105.6152462,7.229588746,1570.913333,1541.915833,91.56460645,31.86536667,31.03218333,2.380637791,7888.434203,7918.07922,374.1372859
1/11/2012,2012,11,4,2,3,6,7711.227273,101.1744156,1721.64,1576.36,32.7732,1684.762,1746.58,1630.31,1739,103.4078656,105.273637,105.4050144,1635.83,1453.26,1596.98,33.1874,28.8002,33.0818,8062.03,7515.532609,7581.02,1737.676667,1665.785,60.35784584,103.6224154,105.2626963,7.343034858,1611.946667,1540.1975,90.62598204,33.1897,31.00646667,2.358043751,7953.665758,7928.929826,365.256047
1/12/2012,2012,12,4,2,4,6,7966.486842,101.1936667,1684.762,1582.25,31.8745,1671.847826,1721.64,1744.81,1639.97,101.1744156,106.2849649,104.2304762,1576.36,1623.65,1454.59,32.7732,33.6085,30.3032,7711.227273,8087.74,7565.48,1717.660667,1669.517667,60.000215,101.925316,105.0096289,7.433613929,1598.146667,1550.835833,87.08691264,32.6117,31.13740833,2.359068053,7913.248038,7962.347063,346.8620359
1/1/2013,2013,1,1,2,3,6,8047.36,105.1002165,1671.847826,1638.891304,31.06173913,1627.57,1684.762,1746.58,1654.05,101.1936667,103.4078656,107.0745723,1582.25,1635.83,1499.32,31.8745,33.1874,30.6509,7966.486842,8062.03,8040.47,1692.749942,1671.000819,59.8027575,102.4894329,104.8450992,7.405551673,1599.167101,1562.466775,88.88295318,31.90314638,31.17164493,2.354342073,7908.358038,7962.921229,347.0087819
1/2/2013,2013,2,1,2,1,6,8060.925,107.6374357,1627.57,1674.55,30.3288,1593.08619,1671.847826,1721.64,1744.82,105.1002165,101.1744156,112.6875238,1638.891304,1576.36,1657.76,31.06173913,32.7732,34.1405,8047.36,7711.227273,8441.49,1661.393275,1661.229986,56.10979671,104.6437729,104.4242586,7.054543271,1631.897101,1563.865942,90.63429594,31.08834638,30.85400326,2.167061793,8024.923947,7931.207479,315.2305894
1/3/2013,2013,3,1,2,5,6,7645.583333,102.5225,1593.08619,1582.952381,28.79095238,1487.857273,1627.57,1684.762,1675.95,107.6374357,101.1936667,117.785,1674.55,1582.25,1655.41,30.3288,31.8745,32.9532,8060.925,7966.486842,8470.78,1630.834672,1654.324668,59.15011659,105.0867174,103.1523836,5.665908175,1632.131228,1557.827807,86.2906296,30.06049717,30.50714929,2.133362367,7917.956111,7862.441091,274.1549698
1/4/2013,2013,4,2,2,3,6,7234.279545,98.8519697,1487.857273,1493.068182,25.355,1414.026957,1593.08619,1671.847826,1649.2,102.5225,105.1002165,113.6655,1582.952381,1638.891304,1585.81,28.79095238,31.06173913,31.5255,7645.583333,8047.36,8289.48,1569.504488,1640.879441,76.27816384,103.0039685,101.9179227,4.698248112,1583.523521,1550.099322,87.69827019,28.15825079,29.99294096,2.56547473,7646.929293,7774.507719,293.2897707
1/5/2013,2013,5,2,2,3,6,7249.413043,99.36663341,1414.026957,1475.173913,23.03826087,1343.35,1487.857273,1627.57,1589.04,98.8519697,107.6374357,104.0860343,1493.068182,1674.55,1470.7,25.355,30.3288,28.7196,7234.279545,8060.925,7955.642857,1498.323473,1626.29502,100.1018569,100.2470344,101.5246393,4.697786672,1517.064825,1550.472148,87.33881212,25.72807108,29.51949603,3.253734124,7376.425307,7715.655235,322.9915404
1/6/2013,2013,6,2,2,1,6,7000.2375,99.74266667,1343.35,1430.23,21.109,1285.515652,1414.026957,1593.08619,1598.76,99.36663341,102.5225,90.72825397,1475.173913,1582.952381,1443.86,23.03826087,28.79095238,27.9836,7249.413043,7645.583333,7423.02381,1415.078076,1605.010854,129.3647829,99.32042326,102.2758404,3.338522398,1466.157365,1549.336315,88.925552,23.16742029,28.9466127,4.055229692,7161.31003,7680.423042,376.4490286
1/7/2013,2013,7,3,2,3,6,6906.641304,105.2579051,1285.515652,1401.478261,19.71021739,1351.741818,1343.35,1487.857273,1594.29,99.74266667,98.8519697,96.75411255,1430.23,1493.068182,1425.82,21.109,25.355,27.4318,7000.2375,7234.279545,7584.261364,1347.63087,1579.279658,159.0039541,101.4557351,102.9844897,2.938460867,1435.627391,1547.307837,92.2159714,21.28582609,28.30314748,4.851818191,7052.097283,7623.954704,437.9787888
1/8/2013,2013,8,3,2,2,6,7192.920455,108.1576364,1351.741818,1496.090909,21.89386364,1348.6,1285.515652,1414.026957,1630.31,105.2579051,99.36663341,105.273637,1401.478261,1475.173913,1453.26,19.71021739,23.03826087,28.8002,6906.641304,7249.413043,7515.532609,1326.869157,1556.065643,170.7756419,104.3860694,103.224823,3.244690836,1442.599723,1550.877079,89.01835529,20.90436034,27.72761945,5.185632295,7033.26642,7597.070358,454.8168033
1/9/2013,2013,9,3,2,3,6,7159.269048,108.7577302,1348.6,1456.86,22.5638,1316.58,1351.741818,1343.35,1744.81,108.1576364,99.74266667,106.2849649,1496.090909,1430.23,1623.65,21.89386364,21.109,33.6085,7192.920455,7000.2375,8087.74,1328.619157,1523.048143,169.2612868,107.3910906,103.4308868,3.523263602,1451.47639,1536.977913,89.64171844,21.38929368,26.80722778,5.024607002,7086.276936,7519.697779,442.5665505
1/10/2013,2013,10,4,2,2,6,7203.021739,105.4271344,1316.58,1413.48,21.917,1275.86,1348.6,1285.515652,1746.58,108.7577302,105.2579051,103.4078656,1456.86,1401.478261,1635.83,22.5638,19.71021739,33.1874,7159.269048,6906.641304,8062.03,1338.973939,1487.21481,163.0386137,107.4475003,103.5991592,3.569975017,1455.47697,1518.448746,90.32871965,22.12488788,25.86802778,4.770515518,7185.070414,7448.113757,415.5155481
1/11/2013,2013,11,4,2,3,6,7070.654762,102.6264912,1275.86,1420.1,20.7576,1221.511905,1316.58,1351.741818,1721.64,105.4271344,108.1576364,101.1744156,1413.48,1496.090909,1576.36,21.917,21.89386364,32.7732,7203.021739,7192.920455,7711.227273,1313.68,1450.066476,155.3743827,105.6037853,103.7201655,3.504321085,1430.146667,1505.427079,92.45935241,21.74613333,24.86672778,4.43887629,7144.315183,7394.732714,419.765846
1/12/2013,2013,12,4,2,1,6,7214.9,105.4816508,1221.511905,1355.666667,19.67,1244.27,1275.86,1348.6,1684.762,102.6264912,108.7577302,101.1936667,1420.1,1456.86,1582.25,20.7576,22.5638,31.8745,7070.654762,7159.269048,7966.486842,1271.317302,1411.462302,149.1871925,104.5117588,104.0774975,3.44133073,1396.415556,1486.545135,98.29646087,20.78153333,23.84968612,4.070118081,7162.858834,7332.100477,380.9796555
1/1/2014,2014,1,1,2,1,6,7291.47,102.0966667,1244.27,1420.95,19.875,1299.58,1221.511905,1316.58,1671.847826,105.4816508,105.4271344,105.1002165,1355.666667,1413.48,1638.891304,19.67,21.917,31.06173913,7214.9,7203.021739,8047.36,1247.213968,1375.830816,131.3366299,103.4016029,103.8272017,3.469297675,1398.905556,1468.383359,87.08371193,20.10086667,22.91745786,3.510766555,7192.341587,7269.109644,307.3406442
1/2/2014,2014,2,1,2,3,6,7149.21,104.8266667,1299.58,1409.53,20.845,1336.08,1244.27,1275.86,1627.57,102.0966667,102.6264912,107.6374357,1420.95,1420.1,1674.55,19.875,20.7576,30.3288,7291.47,7070.654762,8060.925,1255.120635,1348.498316,105.8382976,104.1349947,103.5929709,3.27828903,1395.382222,1446.298359,59.18028634,20.13,22.12714119,2.653508549,7218.526667,7193.133394,180.1960214
1/3/2014,2014,3,1,2,1,6,6650.04,104.04,1336.08,1451.62,20.716,1298.45,1299.58,1221.511905,1593.08619,104.8266667,105.4816508,102.5225,1409.53,1355.666667,1582.952381,20.845,19.67,28.79095238,7149.21,7214.9,7645.583333,1293.31,1327.081134,72.64223382,103.6544444,103.7194293,3.262472501,1427.366667,1435.353994,40.94566014,20.47866667,21.45422849,1.640492877,7030.24,7110.17145,182.1148349
1/4/2014,2014,4,2,2,4,6,6673.56,104.8666667,1298.45,1430.33,19.736,1288.74,1336.08,1244.27,1487.857273,104.04,102.0966667,98.8519697,1451.62,1420.95,1493.068182,20.716,19.875,25.355,6650.04,7291.47,7234.279545,1311.37,1311.297194,52.24680721,104.5777778,104.220654,2.887122995,1430.493333,1430.125812,36.69075235,20.43233333,20.98597849,1.15634926,6824.27,7063.444821,216.1334076
1/5/2014,2014,5,2,2,3,6,6891.13,105.7133333,1288.74,1456.27,19.342,1279.1,1298.45,1299.58,1414.026957,104.8666667,104.8266667,99.36663341,1430.33,1409.53,1475.173913,19.736,20.845,23.03826087,6673.56,7149.21,7249.413043,1307.756667,1300.856615,41.20279339,104.8733333,104.7495457,2.467979115,1446.073333,1428.550486,34.94506303,19.93133333,20.67795675,1.047110888,6738.243333,7033.587901,212.8296668
1/6/2014,2014,6,2,2,4,6,6821.14,108.3733333,1279.1,1452.76,19.892,1310.59,1288.74,1336.08,1343.35,105.7133333,104.04,99.74266667,1456.27,1451.62,1430.23,19.342,20.716,21.109,6891.13,6650.04,7000.2375,1288.763333,1295.502448,39.30999096,106.3177778,105.4687679,2.107470746,1446.453333,1430.427986,35.64179294,19.65666667,20.57654009,1.060418399,6795.276667,7018.663109,221.4846611
1/7/2014,2014,7,3,2,4,6,7113.38,105.2266667,1310.59,1492.18,20.923,1295.13,1279.1,1298.45,1285.515652,108.3733333,104.8666667,105.2579051,1452.76,1430.33,1401.478261,19.892,19.736,19.71021739,6821.14,6673.56,6906.641304,1292.81,1297.591977,39.39720092,106.4377778,105.4661647,2.107774159,1467.07,1437.986465,38.45111288,20.05233333,20.6776053,1.027632244,6941.883333,7035.891334,220.0146008
1/8/2014,2014,8,3,2,2,6,7001.84,100.05,1295.13,1446.33,19.736,1236.55,1310.59,1288.74,1351.741818,105.2266667,105.7133333,108.1576364,1492.18,1456.27,1496.090909,20.923,19.342,21.89386364,7113.38,6891.13,7192.920455,1294.94,1292.874325,35.52248332,104.55,104.7905283,2.439874013,1463.756667,1433.839722,34.0461069,20.18366667,20.49778333,0.983297478,6978.786667,7019.967962,214.4611374
1/9/2014,2014,9,3,2,3,6,6872.22,95.85,1236.55,1359.48,18.369,1222.49,1295.13,1279.1,1348.6,100.05,108.3733333,108.7577302,1446.33,1452.76,1456.86,19.736,19.892,22.5638,7001.84,6821.14,7159.269048,1280.756667,1283.536825,34.24660166,100.3755556,103.7148841,3.244478789,1432.663333,1425.724722,39.26565437,19.676,20.14821667,0.926015148,6995.813333,6996.047208,213.5176408
1/10/2014,2014,10,4,2,3,6,6737.48,86.08,1222.49,1259.76,17.163,1175.33,1236.55,1310.59,1316.58,95.85,105.2266667,105.4271344,1359.48,1492.18,1413.48,18.369,20.923,21.917,6872.22,7113.38,7203.021739,1251.39,1275.695992,36.67826514,93.99333333,102.1026229,5.974626444,1355.19,1412.914722,62.0739371,18.42266667,19.75205,1.100912528,6870.513333,6957.252063,214.7822148
1/11/2014,2014,11,4,2,4,6,6712.85,76.99333333,1175.33,1208.32,15.966,1200.62,1222.49,1295.13,1275.86,86.08,100.05,102.6264912,1259.76,1446.33,1420.1,17.163,19.736,20.7576,6737.48,7001.84,7070.654762,1211.456667,1267.318492,46.73850064,86.30777778,99.96652646,9.381339606,1275.853333,1395.266389,85.52230887,17.166,19.35275,1.499753018,6774.183333,6927.435,222.3120058
1/12/2014,2014,12,4,2,5,6,6446.45,60.70333333,1200.62,1215.32,16.295,1250.75,1175.33,1236.55,1221.511905,76.99333333,95.85,105.4816508,1208.32,1359.48,1355.666667,15.966,18.369,19.67,6712.85,6872.22,7214.9,1199.48,1265.5775,48.93728326,74.59222222,96.235,14.49826047,1227.8,1383.570833,99.82978745,16.47466667,19.0715,1.733147924,6632.26,6863.3975,241.8018976
1/1/2015,2015,1,1,2,3,6,5830.54,47.10666667,1250.75,1242.45,17.236,1227.08,1200.62,1222.49,1244.27,60.70333333,86.08,102.0966667,1215.32,1259.76,1420.95,16.295,17.163,19.875,6446.45,6737.48,7291.47,1208.9,1266.1175,48.71604237,61.60111111,91.6525,20.08943062,1222.03,1368.695833,106.8084739,16.499,18.85158333,1.788470828,6329.946667,6741.653333,350.1737983
1/2/2015,2015,2,1,2,1,6,5729.27,54.79,1227.08,1197.16,16.787,1178.63,1250.75,1175.33,1299.58,47.10666667,76.99333333,104.8266667,1242.45,1208.32,1409.53,17.236,15.966,20.845,5830.54,6712.85,7149.21,1226.15,1260.075833,48.68446391,54.2,87.48277778,22.18943992,1218.31,1350.998333,116.5750815,16.77266667,18.51341667,1.760718369,6002.086667,6623.325,430.6060235
1/3/2015,2015,3,1,2,3,6,5939.67,52.82666667,1178.63,1138.64,16.24,1198.93,1227.08,1200.62,1336.08,54.79,60.70333333,104.04,1197.16,1215.32,1451.62,16.787,16.295,20.716,5729.27,6446.45,6650.04,1218.82,1246.955,47.54219418,51.57444444,83.215,23.59587982,1192.75,1324.916667,126.5972669,16.75433333,18.14041667,1.725449162,5833.16,6564.1275,473.3109071
1/4/2015,2015,4,2,2,2,6,6042.09,57.54333333,1198.93,1151.29,16.341,1198.63,1178.63,1250.75,1298.45,52.82666667,47.10666667,104.8666667,1138.64,1242.45,1430.33,16.24,17.236,19.736,5939.67,5830.54,6673.56,1201.546667,1238.661667,46.40941868,55.05333333,79.27138889,23.6028426,1162.363333,1301.663333,131.0243511,16.456,17.8575,1.718361667,5903.676667,6511.505,494.6599853
1/5/2015,2015,5,2,2,1,6,6294.78,62.50666667,1198.63,1140.4,16.833,1181.5,1198.93,1227.08,1288.74,57.54333333,54.79,105.7133333,1151.29,1197.16,1456.27,16.341,16.787,19.342,6042.09,5729.27,6891.13,1192.063333,1231.1525,44.83324601,57.62555556,75.67083333,22.4708851,1143.443333,1275.340833,128.8513377,16.47133333,17.64841667,1.673366365,6092.18,6461.809167,482.8694522
1/6/2015,2015,6,2,2,5,6,5833.01,61.30666667,1181.5,1088.82,16.075,1128.31,1198.63,1178.63,1279.1,62.50666667,52.82666667,108.3733333,1140.4,1138.64,1452.76,16.833,16.24,19.892,6294.78,5939.67,6821.14,1193.02,1223.019167,44.19256837,60.45222222,71.74861111,20.24086168,1126.836667,1245.0125,126.0966824,16.41633333,17.33033333,1.567556137,6056.626667,6379.465,499.972271
1/7/2015,2015,7,3,2,3,6,5456.75,54.34,1128.31,1009.27,15.053,1117.93,1181.5,1198.93,1310.59,61.30666667,57.54333333,105.2266667,1088.82,1151.29,1492.18,16.075,16.341,20.923,5833.01,6042.09,7113.38,1169.48,1207.829167,42.65629687,59.38444444,67.50805556,17.76899521,1079.496667,1204.77,116.7566833,15.987,16.84116667,1.222409679,5861.513333,6241.4125,507.5578624
1/8/2015,2015,8,3,2,5,6,5127.3,45.69,1117.93,984.1,14.941,1124.77,1128.31,1198.63,1295.13,54.34,62.50666667,100.05,1009.27,1140.4,1446.33,15.053,16.833,19.736,5456.75,6294.78,7001.84,1142.58,1193.0625,40.29316164,53.77888889,62.97805556,15.50339464,1027.396667,1166.250833,105.5258068,15.35633333,16.44158333,0.941551472,5472.353333,6085.200833,539.691535
1/9/2015,2015,9,3,2,2,6,5217.25,46.28,1124.77,964.38,14.75,1159.25,1117.93,1181.5,1236.55,45.69,61.30666667,95.85,984.1,1088.82,1359.48,14.941,16.075,18.369,5127.3,5833.01,6872.22,1123.67,1183.7475,42.20124925,48.77,58.84722222,12.20060587,985.9166667,1133.325833,101.3088482,14.91466667,16.14,0.842442337,5267.1,5947.286667,531.6896014
1/10/2015,2015,10,4,2,3,6,5216.09,46.95666667,1159.25,976.91,15.813,1086.44,1124.77,1128.31,1222.49,46.28,54.34,86.08,964.38,1009.27,1259.76,14.75,15.053,17.163,5217.25,5456.75,6737.48,1133.983333,1178.4775,40.85036021,46.30888889,55.58694444,9.093508225,975.13,1109.755,102.119188,15.168,16.0275,0.781334814,5186.88,5820.504167,506.9507406
1/11/2015,2015,11,4,2,3,6,4799.9,43.11333333,1086.44,885.2,14.452,1075.74,1159.25,1117.93,1175.33,46.95666667,45.69,76.99333333,976.91,984.1,1208.32,15.813,14.941,15.966,5216.09,5127.3,6712.85,1123.486667,1171.07,48.76549935,45.45,52.76361111,6.817849339,942.1633333,1082.828333,115.4914237,15.005,15.90133333,0.904671044,5077.746667,5661.091667,501.5787099
1/12/2015,2015,12,4,2,2,6,4638.83,36.57333333,1075.74,859.82,14.127,1097.91,1086.44,1124.77,1200.62,43.11333333,46.28,60.70333333,885.2,964.38,1215.32,14.452,14.75,16.295,4799.9,5217.25,6446.45,1107.143333,1160.663333,54.83349596,42.21444444,50.75277778,7.756980803,907.31,1053.203333,123.7181349,14.79733333,15.72066667,1.027102131,4884.94,5510.456667,515.5168271
1/1/2016,2016,1,1,2,3,6,4471.79,29.78,1097.91,855.25,14.106,1199.5,1075.74,1159.25,1250.75,36.57333333,46.95666667,47.10666667,859.82,976.91,1242.45,14.127,15.813,17.236,4638.83,5216.09,5830.54,1086.696667,1147.926667,49.49704883,36.48888889,49.30888889,9.832338864,866.7566667,1020.936667,120.3198442,14.22833333,15.45983333,1.004482303,4636.84,5397.2275,583.5517087
1/2/2016,2016,2,1,2,2,6,4598.62,31.03,1199.5,919.35,15.167,1245.14,1097.91,1086.44,1227.08,29.78,43.11333333,54.79,855.25,885.2,1197.16,14.106,14.452,16.787,4471.79,4799.9,5729.27,1124.383333,1145.628333,46.00465072,32.46111111,47.32888889,10.9563355,878.14,997.7858333,109.5773569,14.46666667,15.32483333,0.914753403,4569.746667,5303.006667,615.4709576
1/3/2016,2016,3,1,2,1,6,4953.8,37.34,1245.14,967.73,15.465,1242.26,1199.5,1075.74,1178.63,31.03,36.57333333,52.82666667,919.35,859.82,1138.64,15.167,14.127,16.24,4598.62,4638.83,5939.67,1180.85,1151.170833,53.70418715,32.71666667,46.03833333,11.16007535,914.11,983.5433333,100.3215012,14.91266667,15.26025,0.870557619,4674.736667,5220.850833,587.9440001
1/4/2016,2016,4,2,2,2,6,4872.74,40.75,1242.26,994.19,16.36,1260.95,1245.14,1097.91,1198.93,37.34,29.78,57.54333333,967.73,855.25,1151.29,15.465,14.106,16.341,4953.8,4471.79,6042.09,1228.966667,1154.781667,58.45384952,36.37333333,44.63888889,10.62638315,960.4233333,970.4516667,85.61337309,15.664,15.26183333,0.872716536,4808.386667,5123.405,533.8759405
1/5/2016,2016,5,2,2,3,6,4694.54,45.93666667,1260.95,1035.86,16.947,1276.4,1242.26,1199.5,1198.63,40.75,31.03,62.50666667,994.19,919.35,1140.4,16.36,15.167,16.833,4872.74,4598.62,6294.78,1249.45,1159.975,65.09487335,41.34222222,43.25805556,9.05371116,999.26,961.74,70.78215145,16.25733333,15.27133333,0.891786494,4840.36,4990.051667,396.9963565
1/6/2016,2016,6,2,2,2,6,4641.97,47.68666667,1276.4,984.14,17.286,1336.66,1260.95,1245.14,1181.5,45.93666667,37.34,61.30666667,1035.86,967.73,1088.82,16.947,15.465,16.075,4694.54,4953.8,5833.01,1259.87,1167.883333,73.20688124,44.79111111,42.12305556,7.261780879,1004.73,953.0166667,59.19959894,16.86433333,15.37225,1.046157743,4736.416667,4890.798333,305.4109873
1/7/2016,2016,7,3,2,2,6,4864.9,44.12666667,1336.66,1087.5,19.992,1340.17,1276.4,1242.26,1128.31,47.68666667,40.75,54.34,984.14,994.19,1009.27,17.286,16.36,15.053,4641.97,4872.74,5456.75,1291.336667,1185.245833,86.47320115,45.91666667,41.27194444,6.224118202,1035.833333,959.5358333,69.38813934,18.075,15.78383333,1.685398946,4733.803333,4841.4775,248.1226753
1/8/2016,2016,8,3,2,1,6,4751.67,44.87666667,1340.17,1121.65,19.587,1326.61,1336.66,1260.95,1117.93,44.12666667,45.93666667,45.69,1087.5,1035.86,984.1,19.992,16.947,14.941,4864.9,4694.54,5127.3,1317.743333,1203.765833,94.19899193,45.56333333,41.20416667,6.175875372,1064.43,970.9983333,83.70010892,18.955,16.171,1.981762255,4752.846667,4810.175,231.9534063
1/9/2016,2016,9,3,2,3,6,4722.2,45.04333333,1326.61,1046.71,19.357,1266.55,1340.17,1276.4,1124.77,44.87666667,47.68666667,46.28,1121.65,984.14,964.38,19.587,17.286,14.75,4751.67,4641.97,5217.25,1334.48,1220.585833,96.79563744,44.68222222,41.10111111,6.093241219,1085.286667,977.8591667,86.4377823,19.64533333,16.55491667,2.122688024,4779.59,4768.920833,193.8680149
1/10/2016,2016,10,4,2,2,6,4731.26,49.29333333,1266.55,959.14,17.655,1238.35,1326.61,1336.66,1159.25,45.04333333,44.12666667,46.95666667,1046.71,1087.5,976.91,19.357,19.992,15.813,4722.2,4864.9,5216.09,1311.11,1229.5275,95.56270147,46.40444444,41.29583333,6.330111641,1042.5,976.3783333,86.60757062,18.86633333,16.70841667,2.1307456,4735.043333,4728.518333,133.247074
1/11/2016,2016,11,4,2,2,6,5450.93,45.26,1238.35,955.14,17.407,1157.36,1266.55,1340.17,1086.44,49.29333333,44.87666667,43.11333333,959.14,1121.65,885.2,17.655,19.587,14.452,4731.26,4751.67,4799.9,1277.17,1242.186667,84.28052663,46.53222222,41.47472222,6.415894634,986.9966667,982.2066667,82.15259021,18.13966667,16.95466667,2.013810921,4968.13,4782.770833,248.0406636
1/12/2016,2016,12,4,2,1,6,5660.35,52.62,1157.36,918.38,16.432,1192.1,1238.35,1326.61,1075.74,45.26,45.04333333,36.57333333,955.14,1046.71,859.82,17.407,19.357,14.127,5450.93,4722.2,4638.83,1220.753333,1248.988333,72.02979015,49.05777778,42.81194444,6.951366039,944.22,987.0866667,75.70823377,17.16466667,17.14675,1.820202492,5280.846667,4867.8975,348.9247791
1/1/2017,2017,1,1,2,2,6,5754.56,53.59,1192.1,971.15,16.902,1234.2,1157.36,1266.55,1097.91,52.62,49.29333333,29.78,918.38,959.14,855.25,16.432,17.655,14.106,5660.35,4731.26,4471.79,1195.936667,1256.8375,57.79548899,50.49,44.79611111,6.256838333,948.2233333,996.745,63.81989794,16.91366667,17.37975,1.555248657,5621.946667,4974.795,408.0305077
1/2/2017,2017,2,1,2,2,6,5940.91,54.35333333,1234.2,1007.63,17.933,1231.42,1192.1,1238.35,1199.5,53.59,45.26,31.03,971.15,955.14,919.35,16.902,17.407,15.167,5754.56,5450.93,4598.62,1194.553333,1259.729167,55.48794356,53.52111111,46.73972222,5.10909596,965.72,1004.101667,58.99293006,17.089,17.61025,1.394112368,5785.273333,5086.6525,474.1598509
1/3/2017,2017,3,1,2,2,6,5824.63,50.90333333,1231.42,962.87,17.631,1266.88,1234.2,1157.36,1245.14,54.35333333,52.62,37.34,1007.63,918.38,967.73,17.933,16.432,15.465,5940.91,5660.35,4953.8,1219.24,1258.585833,55.95526565,52.94888889,47.87,4.272342579,980.55,1003.696667,59.28130754,17.48866667,17.79075,1.220521954,5840.033333,5159.221667,516.7088861
1/4/2017,2017,4,2,2,2,6,5683.9,52.16333333,1266.88,960.84,18.033,1246.04,1231.42,1192.1,1242.26,50.90333333,53.59,40.75,962.87,971.15,994.19,17.631,16.902,16.36,5824.63,5754.56,4872.74,1244.166667,1260.6375,55.75323686,52.47333333,48.82111111,3.785918709,977.1133333,1000.9175,60.53596949,17.86566667,17.93016667,1.134773012,5816.48,5226.818333,528.742307
1/5/2017,2017,5,2,2,1,6,5599.56,49.89333333,1246.04,930.27,16.745,1260.26,1266.88,1234.2,1260.95,52.16333333,54.35333333,45.93666667,960.84,1007.63,1035.86,18.033,17.933,16.947,5683.9,5940.91,4694.54,1248.113333,1259.395,55.91155459,50.98666667,49.15083333,3.682761131,951.3266667,992.1183333,62.63285993,17.46966667,17.91333333,1.152049978,5702.696667,5302.236667,510.1348952
1/6/2017,2017,6,2,2,3,6,5719.76,46.16666667,1260.26,930.73,16.931,1236.84,1246.04,1231.42,1276.4,49.89333333,50.90333333,47.68666667,930.27,962.87,984.14,16.745,17.631,17.286,5599.56,5824.63,4641.97,1257.726667,1258.05,55.65885636,49.40777778,49.02416667,3.762964962,940.6133333,987.6675,65.10046867,17.23633333,17.88375,1.173973062,5667.74,5392.0525,477.130131
1/7/2017,2017,7,3,2,1,6,5985.12,47.65666667,1236.84,918.9,16.152,1283.04,1260.26,1266.88,1336.66,46.16666667,52.16333333,44.12666667,930.73,960.84,1087.5,16.931,18.033,19.992,5719.76,5683.9,4864.9,1247.713333,1249.731667,50.01544049,47.90555556,49.31833333,3.472032415,926.6333333,973.6175,59.55317885,16.60933333,17.56375,1.065397077,5768.146667,5485.404167,474.1930637
1/8/2017,2017,8,3,2,4,6,6485.63,49.94333333,1283.04,972.7,16.952,1314.07,1236.84,1246.04,1340.17,47.65666667,49.89333333,44.87666667,918.9,930.27,1121.65,16.152,16.745,19.587,5985.12,5599.56,4751.67,1260.046667,1244.970833,42.82666299,47.92222222,49.74055556,3.178451066,940.7766667,961.205,37.23484573,16.67833333,17.34416667,0.86275856,6063.503333,5629.900833,494.0541126
1/9/2017,2017,9,3,2,2,6,6577.17,52.95,1314.07,964.1,17.432,1279.51,1283.04,1260.26,1326.61,49.94333333,46.16666667,45.04333333,972.7,930.73,1046.71,16.952,16.931,19.357,6485.63,5719.76,4722.2,1277.983333,1243.925833,40.75647265,50.18333333,50.39944444,2.92567141,951.9,954.3208333,25.90076533,16.84533333,17.18375,0.590476714,6349.306667,5784.481667,474.0195039
1/10/2017,2017,10,4,2,2,6,6807.6,54.92,1279.51,921,16.941,1281.9,1314.07,1236.84,1266.55,52.95,47.65666667,49.29333333,964.1,918.9,959.14,17.432,16.152,17.655,6577.17,5985.12,4731.26,1292.206667,1245.005833,41.57400181,52.60444444,50.86833333,3.172735333,952.6,951.1425,27.54364805,17.10833333,17.12425,0.574429223,6623.466667,5957.51,431.6847531
1/11/2017,2017,11,4,2,3,6,6826.55,59.93333333,1281.9,934.05,16.977,1264.45,1279.51,1283.04,1238.35,54.92,49.94333333,45.26,921,972.7,955.14,16.941,16.952,17.407,6807.6,6485.63,5450.93,1291.826667,1248.635,42.82225749,55.93444444,52.09111111,3.611941567,939.7166667,949.385,27.93545466,17.11666667,17.08841667,0.56856957,6737.106667,6072.145,466.2014793
1/12/2017,2017,12,4,2,1,6,6833.89,61.18666667,1264.45,907.2,16.165,1331.3,1281.9,1314.07,1157.36,59.93333333,52.95,52.62,934.05,964.1,918.38,16.977,17.432,16.432,6826.55,6577.17,5660.35,1275.286667,1257.559167,31.81552321,58.68,52.805,4.470520612,920.75,948.4533333,29.22037593,16.69433333,17.06616667,0.600897788,6822.68,6169.94,494.2115844
1/1/2018,2018,1,1,2,4,6,7065.85,66.22666667,1331.3,990.12,17.127,1330.73,1264.45,1279.51,1192.1,61.18666667,54.92,53.59,907.2,921,971.15,16.165,16.941,16.902,6833.89,6807.6,5754.56,1292.55,1269.159167,31.14860378,62.44888889,53.85805556,5.924209952,943.79,950.0341667,31.01776337,16.75633333,17.08491667,0.598816326,6908.763333,6279.214167,537.1236571
1/2/2018,2018,2,1,2,3,6,7006.52,63.46,1330.73,987.26,16.582,1324.66,1331.3,1281.9,1234.2,66.22666667,59.93333333,54.35333333,990.12,934.05,1007.63,17.127,16.977,17.933,7065.85,6826.55,5940.91,1308.826667,1277.203333,33.6626465,63.62444444,54.61694444,6.544254857,961.5266667,948.3366667,27.98867087,16.62466667,16.97233333,0.549873594,6968.753333,6368.015,563.545357
1/3/2018,2018,3,1,2,5,6,6799.18,64.16666667,1324.66,954.57,16.473,1334.76,1330.73,1264.45,1231.42,63.46,61.18666667,50.90333333,987.26,907.2,962.87,16.582,16.165,17.631,7006.52,6833.89,5824.63,1328.896667,1284.973333,32.88610962,64.61777778,55.72222222,6.966456041,977.3166667,947.645,27.69791344,16.72733333,16.87583333,0.524813011,6957.183333,6449.2275,548.1296645
1/4/2018,2018,4,2,2,4,6,6851.51,68.79333333,1334.76,924.05,16.648,1303.45,1324.66,1331.3,1266.88,64.16666667,66.22666667,52.16333333,954.57,990.12,960.84,16.473,17.127,18.033,6799.18,7065.85,5683.9,1330.05,1290.63,35.24437699,65.47333333,57.10805556,7.79853398,955.2933333,944.5791667,28.13723268,16.56766667,16.76041667,0.379321993,6885.736667,6546.528333,501.5795978
1/5/2018,2018,5,2,2,2,6,6825.27,73.43,1303.45,904.73,16.49,1281.57,1334.76,1330.73,1246.04,68.79333333,63.46,49.89333333,924.05,987.26,930.27,16.648,16.582,16.745,6851.51,7006.52,5599.56,1320.956667,1295.414167,32.42509198,68.79666667,59.06944444,8.723935475,927.7833333,942.4508333,30.20774839,16.537,16.73916667,0.387322472,6825.32,6648.670833,407.1133225
1/6/2018,2018,6,2,2,3,6,6965.86,71.97666667,1281.57,884.9,16.541,1237.71,1303.45,1324.66,1260.26,73.43,64.16666667,46.16666667,904.73,954.57,930.73,16.49,16.473,16.931,6825.27,6799.18,5719.76,1306.593333,1297.19,30.87107354,71.4,61.22027778,8.430352385,904.56,938.6316667,34.42683515,16.55966667,16.70666667,0.386122998,6880.88,6752.5125,290.9999002
1/7/2018,2018,7,3,2,5,6,6250.75,72.66666667,1237.71,832,15.723,1201.71,1281.57,1334.76,1236.84,71.97666667,68.79333333,47.65666667,884.9,924.05,918.9,16.541,16.648,16.152,6965.86,6851.51,5985.12,1274.243333,1297.2625,30.71709596,72.69111111,63.30444444,7.843367311,873.8766667,931.39,46.1114752,16.25133333,16.67091667,0.45573207,6680.626667,6774.648333,231.2976785
1/8/2018,2018,8,3,2,3,6,6051.05,71.08333333,1201.71,804.91,14.987,1198.39,1237.71,1303.45,1283.04,72.66666667,73.43,49.94333333,832,904.73,972.7,15.723,16.49,16.952,6250.75,6825.27,6485.63,1240.33,1290.485,41.29244538,71.90888889,65.06611111,6.885113767,840.6033333,917.4075,56.67571247,15.75033333,16.50716667,0.655009207,6422.553333,6738.433333,303.4362915
1/9/2018,2018,9,3,2,3,6,6050.76,75.36333333,1198.39,804.79,14.272,1215.39,1201.71,1281.57,1314.07,71.08333333,71.97666667,52.95,804.91,884.9,964.1,14.987,16.541,17.432,6051.05,6965.86,6577.17,1212.603333,1280.845,48.20958798,73.03777778,66.93388889,6.316084939,813.9,904.1316667,63.04474527,14.994,16.24383333,0.854290118,6117.52,6694.565833,361.3869587
1/10/2018,2018,10,4,2,1,6,6219.59,76.72666667,1215.39,829.87,14.597,1220.65,1198.39,1237.71,1279.51,75.36333333,72.66666667,54.92,804.79,832,921,14.272,15.723,16.941,6050.76,6250.75,6807.6,1205.163333,1275.501667,51.79133691,74.39111111,68.75111111,5.6468787,813.19,896.5375,66.23596731,14.61866667,16.0485,0.943691253,6107.133333,6645.565,383.8345065
1/11/2018,2018,11,4,2,3,6,6195.92,62.31666667,1220.65,846.19,14.353,1250.4,1215.39,1201.71,1281.9,76.72666667,71.08333333,59.93333333,829.87,804.91,934.05,14.597,14.987,16.977,6219.59,6051.05,6826.55,1211.476667,1270.3975,54.07142148,71.46888889,68.94972222,5.342242834,826.95,889.2158333,66.56755864,14.40733333,15.82983333,1.010621396,6155.423333,6593.0125,399.6478092
1/12/2018,2018,12,4,2,1,6,6075.32,53.96,1250.4,791.16,14.772,1291.75,1220.65,1198.39,1264.45,62.31666667,75.36333333,61.18666667,846.19,804.79,907.2,14.353,14.272,16.165,6195.92,6050.76,6833.89,1228.813333,1269.226667,54.36324115,64.33444444,68.3475,6.56443465,822.4066667,879.5458333,71.92992037,14.574,15.71375,1.047936598,6163.61,6529.798333,417.6702994
1/1/2019,2019,1,1,2,3,6,5939.1,56.58333333,1291.75,806.77,15.624,1320.07,1250.4,1215.39,1331.3,53.96,76.72666667,66.22666667,791.16,829.87,990.12,14.772,14.597,17.127,6075.32,6219.59,7065.85,1254.266667,1265.930833,51.37459002,57.62,67.54388889,7.386461931,814.7066667,864.2666667,65.4920455,14.91633333,15.5885,0.94879881,6070.113333,6435.9025,412.8294025
1/2/2019,2019,2,1,2,1,6,6300.49,61.13333333,1320.07,818.15,15.815,1300.9,1291.75,1220.65,1330.73,56.58333333,62.31666667,63.46,806.77,846.19,987.26,15.624,14.353,16.582,5939.1,6195.92,7006.52,1287.406667,1265.0425,50.23171872,57.22555556,67.35,7.532499149,805.36,850.1741667,53.76505497,15.40366667,15.52458333,0.900386125,6104.97,6377.066667,372.4490961
1/3/2019,2019,3,1,2,1,6,6439.46,63.78666667,1300.9,842.81,15.296,1285.91,1320.07,1250.4,1324.66,61.13333333,53.96,64.16666667,818.15,791.16,954.57,15.815,14.772,16.473,6300.49,6075.32,6799.18,1304.24,1263.0625,48.09077631,60.50111111,67.31833333,7.547881568,822.5766667,840.8608333,42.54663248,15.57833333,15.4265,0.850398783,6226.35,6347.09,349.1329099
1/4/2019,2019,4,2,2,3,6,6438.36,68.57666667,1285.91,887.29,15.055,1283.7,1300.9,1291.75,1334.76,63.78666667,56.58333333,68.79333333,842.81,806.77,924.05,15.296,15.624,16.648,6439.46,5939.1,6851.51,1302.293333,1258.991667,43.29871609,64.49888889,67.30027778,7.544290698,849.4166667,837.7975,36.9705008,15.38866667,15.29375,0.762140422,6392.77,6312.660833,313.4120063
1/5/2019,2019,5,2,2,3,6,6017.9,66.83333333,1283.7,833.55,14.662,1359.04,1285.91,1320.07,1303.45,68.57666667,61.13333333,73.43,887.29,818.15,904.73,15.055,15.815,16.49,6438.36,6300.49,6825.27,1290.17,1257.345833,41.80476277,66.39888889,66.75055556,7.293195782,854.55,831.8658333,30.37771745,15.00433333,15.14141667,0.679509644,6298.573333,6245.38,278.027665
1/6/2019,2019,6,2,2,3,6,5882.23,59.76,1359.04,808.2,15.036,1412.89,1283.7,1300.9,1281.57,66.83333333,63.78666667,71.97666667,833.55,842.81,884.9,14.662,15.296,16.541,6017.9,6439.46,6965.86,1309.55,1263.801667,50.88202037,65.05666667,65.7325,7.349806034,843.0133333,825.4741667,25.95112695,14.91766667,15.016,0.517212283,6112.83,6155.0775,182.2149584
1/7/2019,2019,7,3,2,2,6,5941.2,61.47666667,1412.89,843.95,15.791,1500.41,1359.04,1285.91,1237.71,59.76,68.57666667,72.66666667,808.2,887.29,832,15.036,15.055,15.723,5882.23,6438.36,6250.75,1351.876667,1278.4,65.69073548,62.69,64.8,7.095522987,828.5666667,826.47,26.44881953,15.163,15.02166667,0.525960996,5947.11,6129.281667,189.2161965
1/8/2019,2019,8,3,2,3,6,5709.44,57.67,1500.41,859.14,17.224,1510.58,1412.89,1283.7,1201.71,61.47666667,66.83333333,71.08333333,843.95,833.55,804.91,15.791,14.662,14.987,5941.2,6017.9,6051.05,1424.113333,1303.291667,87.09448535,59.63555556,63.68222222,7.072188856,837.0966667,830.9891667,27.05610583,16.017,15.20808333,0.824347727,5844.29,6100.814167,224.4695784
1/9/2019,2019,9,3,2,1,6,5759.25,60.04,1510.58,944.7,18.16,1494.81,1500.41,1359.04,1198.39,57.67,59.76,75.36333333,859.14,808.2,804.79,17.224,15.036,14.272,5709.44,5882.23,6050.76,1474.626667,1329.3075,98.75688866,59.72888889,62.40527778,6.085936008,882.5966667,842.6483333,41.19232582,17.05833333,15.53208333,1.130281096,5803.296667,6076.521667,245.1959627
1/10/2019,2019,10,4,2,3,6,5757.3,57.27333333,1494.81,897.26,17.645,1470.79,1510.58,1412.89,1215.39,60.04,61.47666667,76.72666667,944.7,843.95,829.87,18.16,15.791,14.597,5759.25,5941.2,6219.59,1501.933333,1352.5925,102.3317864,58.32777778,60.78416667,4.233239113,900.3666667,848.2641667,43.80284558,17.67633333,15.78608333,1.23835422,5741.996667,6037.9975,256.7199126
1/11/2019,2019,11,4,2,2,6,5859.95,60.40333333,1470.79,901.8,17.165,1479.13,1494.81,1500.41,1220.65,57.27333333,57.67,62.31666667,897.26,859.14,846.19,17.645,17.224,14.353,5757.3,5709.44,6195.92,1492.06,1373.4375,98.41350472,59.23888889,60.62472222,4.206216769,914.5866667,852.8983333,46.4265396,17.65666667,16.02041667,1.208209453,5792.166667,6010,256.2511774
1/12/2019,2019,12,4,2,1,6,6077.06,63.35333333,1479.13,924.25,17.138,1560.67,1470.79,1510.58,1250.4,60.40333333,60.04,53.96,901.8,944.7,791.16,17.165,18.16,14.772,5859.95,5759.25,6075.32,1481.576667,1392.498333,94.48919648,60.34333333,61.4075,3.69629739,907.77,863.9891667,46.23361517,17.316,16.21758333,1.178651885,5898.103333,6010.145,256.291988
1/1/2020,2020,1,1,2,1,7,6031.21,61.62666667,1560.67,987.36,17.972,1597.1,1479.13,1494.81,1291.75,63.35333333,57.27333333,56.58333333,924.25,897.26,806.77,17.138,17.645,15.624,6077.06,5757.3,5939.1,1503.53,1414.908333,100.1432049,61.79444444,61.82777778,3.370252316,937.8033333,879.0383333,54.55740877,17.425,16.41325,1.2630279,5989.406667,6017.820833,255.3483779
1/2/2020,2020,2,1,2,3,7,5687.75,53.34666667,1597.1,961.1,17.88,1591.93,1560.67,1470.79,1320.07,61.62666667,60.40333333,61.13333333,987.36,901.8,818.15,17.972,17.165,15.815,6031.21,5859.95,6300.49,1545.633333,1437.994167,107.9222371,59.44222222,61.17888889,4.170665071,957.57,890.9508333,55.64943477,17.66333333,16.58533333,1.313764012,5932.006667,5966.759167,254.9488553
1/3/2020,2020,3,1,2,3,7,5182.63,32.20333333,1591.93,759,14.884,1683.17,1597.1,1479.13,1300.9,53.34666667,63.35333333,63.78666667,961.1,924.25,842.81,17.88,17.138,15.296,5687.75,6077.06,6439.46,1583.233333,1462.246667,107.009994,49.05888889,58.54694444,9.249057223,902.4866667,883.9666667,66.45134588,16.912,16.551,1.35525053,5633.863333,5862.023333,297.6827844
1/4/2020,2020,4,2,2,5,7,5057.97,21.04333333,1683.17,753.86,15.065,1715.91,1591.93,1560.67,1285.91,32.20333333,61.62666667,68.57666667,759,987.36,887.29,14.884,17.972,15.055,5182.63,6031.21,6438.36,1624.066667,1495.351667,108.9302254,35.53111111,54.58583333,13.68023245,824.6533333,872.8475,76.2809787,15.943,16.55183333,1.354249731,5309.45,5746.990833,320.5554183
1/5/2020,2020,5,2,2,1,7,5239.83,30.38,1715.91,790.22,16.256,1732.22,1683.17,1597.1,1283.7,21.04333333,53.34666667,66.83333333,753.86,961.1,833.55,15.065,17.88,14.662,5057.97,5687.75,6017.9,1663.67,1531.369167,103.925743,27.87555556,51.54805556,14.72110527,767.6933333,869.2366667,79.27696998,15.40166667,16.68466667,1.22393652,5160.143333,5682.151667,338.9401211
1/6/2020,2020,6,2,2,4,7,5754.6,39.45666667,1732.22,820.77,17.713,1846.51,1715.91,1591.93,1359.04,30.38,32.20333333,59.76,790.22,759,808.2,16.256,14.884,15.036,5239.83,5182.63,5882.23,1710.433333,1562.4675,103.5043259,30.29333333,49.85611111,14.85760866,788.2833333,870.2841667,78.47616528,16.34466667,16.90775,1.136997651,5350.8,5671.515833,334.0583009
1/7/2020,2020,7,3,2,2,7,6372.46,42.06666667,1846.51,864.64,20.647,1968.63,1732.22,1683.17,1412.89,39.45666667,21.04333333,61.47666667,820.77,753.86,843.95,17.713,15.065,15.791,5754.6,5057.97,5941.2,1764.88,1598.6025,120.786233,37.30111111,48.23861111,14.53045812,825.21,872.0083333,78.07123144,18.20533333,17.31241667,1.50726118,5788.963333,5707.454167,385.0193433
1/8/2020,2020,8,3,2,4,7,6498.94,43.44333333,1968.63,940.33,27.003,1921.92,1846.51,1715.91,1500.41,42.06666667,30.38,57.67,864.64,790.22,859.14,20.647,16.256,17.224,6372.46,5239.83,5709.44,1849.12,1637.620833,156.5223988,41.65555556,47.05305556,14.2690174,875.2466667,878.7741667,80.33974851,21.78766667,18.12733333,3.175484454,6208.666667,5773.245833,447.735941
1/9/2020,2020,9,3,2,1,7,6704.9,40.59666667,1921.92,907.62,25.742,1900.27,1968.63,1732.22,1510.58,43.44333333,39.45666667,60.04,940.33,820.77,944.7,27.003,17.713,18.16,6498.94,5754.6,5759.25,1912.353333,1671.899167,170.5814835,42.03555556,45.43277778,13.75491338,904.1966667,875.6841667,78.25977516,24.464,18.75916667,3.862550237,6525.433333,5852.05,522.0940915
1/10/2020,2020,10,4,2,2,7,6713.81,39.9,1900.27,876.27,24.23,1866.3,1921.92,1846.51,1494.81,40.59666667,42.06666667,57.27333333,907.62,864.64,897.26,25.742,20.647,17.645,6704.9,6372.46,5757.3,1930.273333,1705.6875,172.4611457,41.31333333,43.985,13.3022015,908.0733333,873.935,77.96772532,25.65833333,19.30791667,4.147149831,6639.216667,5931.759167,576.4952704
1/11/2020,2020,11,4,2,4,7,7068.91,42.30333333,1866.3,911.55,24.079,1858.42,1900.27,1968.63,1470.79,39.9,43.44333333,60.40333333,876.27,940.33,901.8,24.23,27.003,17.165,6713.81,6498.94,5859.95,1896.163333,1738.646667,160.8938595,40.93333333,42.47666667,12.25635164,898.48,874.7475,78.33444397,24.68366667,19.88408333,4.299840345,6829.206667,6032.505833,662.0883995
1/12/2020,2020,12,4,2,2,7,7772.24,48.72666667,1858.42,1028,24.968,1866.98,1866.3,1921.92,1479.13,42.30333333,40.59666667,63.35333333,911.55,907.62,924.25,24.079,25.742,17.138,7068.91,6704.9,6077.06,1874.996667,1770.254167,141.3453272,43.64333333,41.25777778,10.6078818,938.6066667,883.3933333,89.25854289,24.42566667,20.53658333,4.437147496,7184.986667,6173.770833,831.6026056
1/1/2021,2021,1,1,2,1,7,7972.15,53.60333333,1866.98,1090.95,25.88,1808.17,1858.42,1900.27,1560.67,48.72666667,39.9,61.62666667,1028,876.27,987.36,24.968,24.23,17.972,7772.24,6713.81,6031.21,1863.9,1795.78,126.9842734,48.21111111,40.58916667,9.390301264,1010.166667,892.0258333,104.0167922,24.97566667,21.19558333,4.605675342,7604.433333,6335.515833,977.3386184
1/2/2021,2021,2,1,2,2,7,8470.94,60.46333333,1808.17,1206.7,27.293,1718.23,1866.98,1866.3,1597.1,53.60333333,42.30333333,53.34666667,1090.95,911.55,961.1,25.88,24.079,17.88,7972.15,7068.91,5687.75,1844.523333,1813.369167,110.5121494,54.26444444,41.18222222,10.43579266,1108.55,912.4925,137.5884512,26.047,21.98,4.787639217,8071.776667,6567.448333,1128.23362
1/3/2021,2021,3,1,2,4,7,8988.25,63.83,1718.23,1181,25.648,1760.04,1808.17,1858.42,1591.93,60.46333333,48.72666667,32.20333333,1206.7,1028,759,27.293,24.968,14.884,8470.94,7772.24,5182.63,1797.793333,1823.894167,91.96300437,59.29888889,43.81777778,11.85867924,1159.55,947.6591667,148.3032513,26.27366667,22.877,4.323110013,8477.113333,6884.583333,1233.534674
1/4/2021,2021,4,2,2,4,7,9324.82,62.95,1760.04,1208.81,25.687,1850.26,1718.23,1866.98,1683.17,63.83,53.60333333,21.04333333,1181,1090.95,753.86,25.648,25.88,15.065,8988.25,7972.15,5057.97,1762.146667,1830.3,83.56314053,62.41444444,47.31,10.6512066,1198.836667,985.5716667,152.3529833,26.20933333,23.76216667,3.606163886,8928.003333,7240.154167,1273.461889
1/5/2021,2021,5,2,2,2,7,10161.97,66.4,1850.26,1214,27.504,1834.57,1760.04,1808.17,1715.91,62.95,60.46333333,30.38,1208.81,1206.7,790.22,25.687,27.293,16.256,9324.82,8470.94,5239.83,1776.176667,1841.495833,75.45013542,64.39333333,50.31166667,10.52103257,1201.27,1020.886667,152.0697166,26.27966667,24.6995,2.862996698,9491.68,7650.3325,1360.331271
1/6/2021,2021,6,2,2,1,7,9631.5,71.80333333,1834.57,1124,26.995,1807.84,1850.26,1718.23,1732.22,66.4,63.83,39.45666667,1214,1181,820.77,27.504,25.648,17.713,10161.97,8988.25,5754.6,1814.956667,1850.025,67.32131332,67.05111111,53.00722222,11.57772887,1182.27,1046.155833,140.5510245,26.72866667,25.473,1.893595954,9706.096667,7973.4075,1329.189989
1/7/2021,2021,7,3,2,2,7,9450.82,73.28333333,1807.84,1086.48,25.677,1785.28,1834.57,1760.04,1846.51,71.80333333,62.95,42.06666667,1124,1208.81,864.64,26.995,25.687,20.647,9631.5,9324.82,6372.46,1830.89,1846.8025,68.42139247,70.49555556,55.60861111,12.37556279,1141.493333,1064.6425,128.5858235,26.72533333,25.89216667,1.131599578,9748.096667,8229.9375,1288.559076
1/8/2021,2021,8,3,2,2,7,9370.14,68.86666667,1785.28,1008.73,23.986,1775.14,1807.84,1850.26,1968.63,73.28333333,66.4,43.44333333,1086.48,1214,940.33,25.677,27.504,27.003,9450.82,10161.97,6498.94,1809.23,1831.523333,58.4947546,71.31777778,57.72722222,12.27939885,1073.07,1070.3425,124.0088648,25.55266667,25.64075,1.195700261,9484.153333,8469.204167,1201.550376
1/9/2021,2021,9,3,2,4,7,9324.71,72.8,1775.14,973.19,23.185,1776.85,1785.28,1834.57,1921.92,68.86666667,71.80333333,40.59666667,1008.73,1124,907.62,23.986,26.995,25.742,9370.14,9631.5,6704.9,1789.42,1819.291667,52.95809524,71.65,60.41083333,11.7005496,1022.8,1075.806667,117.4586561,24.28266667,25.42766667,1.38833755,9381.89,8687.521667,1084.105288
1/10/2021,2021,10,4,2,2,7,9829.22,82.06333333,1776.85,1017.1,23.413,1821.76,1775.14,1807.84,1900.27,72.8,73.28333333,39.9,973.19,1086.48,876.27,23.185,25.677,24.23,9324.71,9450.82,6713.81,1779.09,1809.006667,47.50558653,74.57666667,63.92444444,11.30535828,999.6733333,1087.5425,101.6861163,23.528,25.35958333,1.470038494,9508.023333,8947.139167,930.6522351
1/11/2021,2021,11,4,2,5,7,9728.9,79.91666667,1821.76,1038.05,24.175,1790.43,1776.85,1785.28,1866.3,82.06333333,68.86666667,42.30333333,1017.1,1008.73,911.55,23.413,23.986,24.079,9829.22,9370.14,7068.91,1791.25,1805.295,44.25072377,78.26,67.05888889,9.891705467,1009.446667,1098.084167,87.32559528,23.591,25.36758333,1.462678767,9627.61,9168.805,739.841857
1/12/2021,2021,12,4,2,2,7,9551.18,72.86666667,1790.43,944.59,22.532,1816.02,1821.76,1775.14,1858.42,79.91666667,72.8,48.72666667,1038.05,973.19,1028,24.175,23.185,24.968,9728.9,9324.71,7772.24,1796.346667,1799.629167,41.06853993,78.28222222,69.07055556,8.120694581,999.9133333,1091.133333,96.2724615,23.37333333,25.16458333,1.676578738,9703.1,9317.05,599.4788334
1/1/2022,2022,1,1,2,4,7,9782.34,83.92,1816.02,994.15,23.158,1856.3,1790.43,1776.85,1866.98,72.86666667,82.06333333,53.60333333,944.59,1017.1,1090.95,22.532,23.413,25.88,9551.18,9829.22,7972.15,1809.403333,1795.3825,35.76309579,78.90111111,71.59694444,7.568366177,992.2633333,1083.066667,100.261991,23.28833333,24.93775,1.753365446,9687.473333,9467.899167,435.6600749
1/2/2022,2022,2,1,2,4,7,9943.17,93.54333333,1856.3,1049.4,23.542,1947.83,1816.02,1821.76,1808.17,83.92,79.91666667,60.46333333,994.15,1038.05,1206.7,23.158,24.175,27.293,9782.34,9728.9,8470.94,1820.916667,1799.393333,39.79877735,83.44333333,74.35361111,9.028127703,996.0466667,1069.958333,92.62016164,23.07733333,24.62516667,1.624964606,9758.896667,9590.585,321.8031203
1/3/2022,2022,3,1,2,4,7,10230.89,112.3966667,1947.83,1043.26,25.314,1936.86,1856.3,1790.43,1718.23,93.54333333,72.86666667,63.83,1049.4,944.59,1181,23.542,22.532,25.648,9943.17,9551.18,8988.25,1873.383333,1818.526667,50.87981692,96.62,78.40083333,13.60663468,1028.936667,1058.48,85.89896888,24.00466667,24.59733333,1.608630605,9985.466667,9694.138333,310.0781803
1/4/2022,2022,4,2,2,5,7,10161.38,103.4133333,1936.86,965,24.545,1848.5,1947.83,1816.02,1760.04,112.3966667,83.92,62.95,1043.26,994.15,1208.81,25.314,23.158,25.687,10230.89,9782.34,9324.82,1913.663333,1833.261667,57.56652939,103.1177778,81.77277778,14.41906054,1019.22,1038.1625,75.28778316,24.467,24.50216667,1.571661011,10111.81333,9763.851667,313.5185386
1/5/2022,2022,5,2,2,5,7,9377.15,110.0966667,1848.5,958.38,21.905,1836.57,1936.86,1856.3,1850.26,103.4133333,93.54333333,66.4,965,1049.4,1214,24.545,23.542,27.504,10161.38,9943.17,10161.97,1911.063333,1833.115,57.52150878,108.6355556,85.41416667,15.64900869,988.88,1016.860833,54.23186089,23.92133333,24.03558333,1.423605312,9923.14,9698.45,304.6524175
1/6/2022,2022,6,2,2,5,7,9024.46,116.8,1836.57,956.59,21.556,1732.74,1848.5,1947.83,1834.57,110.0966667,112.3966667,71.80333333,958.38,1043.26,1124,21.905,25.314,26.995,9377.15,10230.89,9631.5,1873.976667,1833.281667,57.52900483,110.1033333,89.16388889,17.38572286,959.99,1002.91,44.89412332,22.66866667,23.58233333,1.251113419,9520.996667,9647.863333,361.8156409
1/7/2022,2022,7,3,2,5,7,7544.81,105.0833333,1732.74,869.25,19.075,1764.56,1836.57,1936.86,1807.84,116.8,103.4133333,73.28333333,956.59,965,1086.48,21.556,24.545,25.677,9024.46,10161.38,9450.82,1805.936667,1827.023333,64.24158796,110.66,91.81388889,17.1672617,928.0733333,984.8075,51.45072667,20.84533333,23.03216667,1.638024244,8648.806667,9489.029167,708.4736394
1/8/2022,2022,8,3,2,1,7,7981.84,95.97333333,1764.56,908.65,19.724,1680.78,1732.74,1848.5,1785.28,105.0833333,110.0966667,68.86666667,869.25,958.38,1008.73,19.075,21.905,23.986,7544.81,9377.15,9370.14,1777.956667,1825.296667,65.72683378,105.9522222,94.07277778,15.58367048,911.4966667,976.4675,55.19548864,20.11833333,22.677,1.859491768,8183.703333,9373.3375,832.2015536
1/9/2022,2022,9,3,2,5,7,7746.01,88.22,1680.78,881.24,18.944,1664.45,1764.56,1836.57,1775.14,95.97333333,116.8,72.8,908.65,956.59,973.19,19.724,21.556,23.185,7981.84,9024.46,9324.71,1726.026667,1817.433333,76.95782497,96.42555556,95.35777778,14.24866142,886.38,968.805,61.69199852,19.24766667,22.32358333,2.136547574,7757.553333,9241.779167,956.1424724
1/10/2022,2022,10,4,2,2,7,7651.08,90.32666667,1664.45,914.67,19.426,1725.07,1680.78,1732.74,1776.85,88.22,105.0833333,82.06333333,881.24,869.25,1017.1,18.944,19.075,23.413,7746.01,7544.81,9829.22,1703.263333,1808.066667,88.34419005,91.50666667,96.04638889,13.73829246,901.52,960.2691667,61.48820677,19.36466667,21.99133333,2.258271074,7792.976667,9060.2675,1037.749838
1/11/2022,2022,11,4,2,2,7,8049.86,87.37666667,1725.07,989.05,21.018,1797.55,1664.45,1764.56,1821.76,90.32666667,95.97333333,79.91666667,914.67,908.65,1038.05,19.426,19.724,24.175,7651.08,7981.84,9728.9,1690.1,1800.009167,91.34028022,88.64111111,96.66805556,13.09582164,928.32,956.1858333,57.34044288,19.796,21.72825,2.162618242,7815.65,8920.3475,1052.49032
1/12/2022,2022,12,4,2,2,7,8375.4,78.06666667,1797.55,1010.95,23.326,1897.71,1725.07,1680.78,1790.43,87.37666667,88.22,72.86666667,989.05,881.24,944.59,21.018,18.944,22.532,8049.86,7746.01,9551.18,1729.023333,1800.6025,91.2955128,85.25666667,97.10138889,12.29840422,971.5566667,961.7158333,59.28733583,21.25666667,21.79441667,2.201246525,8025.446667,8822.365833,1043.111946
1/1/2023,2023,1,1,2,2,7,9037.95,80.41,1897.71,1053.25,23.653,1854.54,1797.55,1664.45,1816.02,78.06666667,90.32666667,83.92,1010.95,914.67,994.15,23.326,19.426,23.158,8375.4,7651.08,9782.34,1806.776667,1807.41,95.49851965,81.95111111,96.80888889,12.67633796,1017.75,966.6408333,64.45599704,22.66566667,21.83566667,2.233523565,8487.736667,8760.333333,1002.163914
1/2/2023,2023,2,1,2,3,7,8936.59,80.25333333,1854.54,958.85,21.921,1912.73,1897.71,1725.07,1856.3,80.41,87.37666667,93.54333333,1053.25,989.05,1049.4,23.653,21.018,23.542,9037.95,8049.86,9943.17,1849.933333,1807.263333,95.41792593,79.57666667,95.70138889,13.53879569,1007.683333,959.095,58.95196296,22.96666667,21.70058333,2.169030804,8783.313333,8676.451667,933.9645623
1/3/2023,2023,3,1,2,3,7,8856.31,76.47333333,1912.73,970.61,21.976,1999.77,1854.54,1797.55,1947.83,80.25333333,78.06666667,112.3966667,958.85,1010.95,1043.26,21.921,23.326,25.314,8936.59,8375.4,10230.89,1888.326667,1804.338333,91.16017321,79.04555556,92.70777778,13.48310123,994.2366667,953.0408333,52.94738906,22.51666667,21.42241667,1.85477749,8943.616667,8561.903333,800.7838479
1/4/2023,2023,4,2,2,2,7,8809.42,82.46,1999.77,1050.74,25.01,1992.13,1912.73,1897.71,1936.86,76.47333333,80.41,103.4133333,970.61,1053.25,965,21.976,23.653,24.545,8856.31,9037.95,10161.38,1922.346667,1809.580833,100.7759385,79.72888889,90.96166667,13.32651284,993.4,960.1858333,60.02058684,22.969,21.46116667,1.92930519,8867.44,8449.24,632.7734805
1/5/2023,2023,5,2,2,3,7,8217.47,74.12333333,1992.13,1062.73,24.267,1942.9,1999.77,1854.54,1848.5,82.46,80.25333333,110.0966667,1050.74,958.85,958.38,25.01,21.921,21.905,8809.42,8936.59,9377.15,1968.21,1821.55,113.5397619,77.68555556,87.96388889,12.66023328,1028.026667,968.8816667,66.90007077,23.751,21.658,2.092306166,8627.733333,8352.6,562.8703987
1/6/2023,2023,6,2,2,3,7,8396.52,73.26333333,1942.9,970.64,23.417,1951.02,1992.13,1912.73,1836.57,74.12333333,76.47333333,116.8,1062.73,970.61,956.59,24.267,21.976,21.556,8217.47,8856.31,9024.46,1978.266667,1830.410833,118.8437104,76.61555556,84.33583333,9.485530408,1028.036667,970.0525,66.78824789,24.23133333,21.81308333,2.152171481,8474.47,8300.271667,522.4703555
1/7/2023,2023,7,3,2,3,7,8476.68,78.98333333,1951.02,950.42,24.256,1918.7,1942.9,1999.77,1732.74,73.26333333,82.46,105.0833333,970.64,1050.74,869.25,23.417,25.01,19.075,8396.52,8809.42,7544.81,1962.016667,1848.600833,119.2394721,75.45666667,82.16083333,6.948846591,994.5966667,976.8166667,59.34691098,23.98,22.24483333,2.071102203,8363.556667,8377.9275,466.1993746
1/8/2023,2023,8,3,2,3,7,8349.13,84.72433333,1918.7,925,23.437,1915.95,1951.02,1992.13,1764.56,78.98333333,74.12333333,95.97333333,950.42,1062.73,908.65,24.256,24.267,19.724,8476.68,8217.47,7981.84,1937.54,1861.445833,117.6549933,78.99033333,81.22341667,5.530021653,948.6866667,978.1791667,57.80736811,23.70333333,22.55425,1.933012351,8407.443333,8408.535,449.5919953
1/9/2023,2023,9,3,2,2,7,8276.71,92.22,1915.95,920.9,23.101,1916.25,1918.7,1942.9,1680.78,84.72433333,73.26333333,88.22,925,970.64,881.24,23.437,23.417,18.944,8349.13,8396.52,7746.01,1928.556667,1881.043333,103.5688127,85.30922222,81.55675,6.083000662,932.1066667,981.4841667,52.66638957,23.598,22.90066667,1.564576058,8367.506667,8452.76,402.0889581
1/10/2023,2023,10,4,2,1,7,7937.18,89.08366667,1916.25,891.9,22.379,1984.11,1915.95,1951.02,1664.45,92.22,78.98333333,90.32666667,920.9,950.42,914.67,23.101,24.256,19.426,8276.71,8476.68,7651.08,1916.966667,1902.026667,78.06449703,88.676,81.45316667,5.928714023,912.6,979.5866667,55.61982844,22.97233333,23.14675,1.144116342,8187.673333,8476.601667,356.0824274
1/11/2023,2023,11,4,2,1,7,8189.59,81.35433333,1984.11,905.75,23.488,2026.18,1916.25,1918.7,1725.07,89.08366667,84.72433333,87.37666667,891.9,925,989.05,22.379,23.437,21.018,7937.18,8349.13,8049.86,1938.77,1923.613333,57.89247421,87.55266667,80.95130556,5.62902939,906.1833333,972.645,59.40100726,22.98933333,23.35258333,0.928120825,8134.493333,8488.245833,342.8996478
1/12/2023,2023,12,4,2,1,7,8399.94,75.71933333,2026.18,935.47,23.878,2034.04,1984.11,1915.95,1797.55,81.35433333,92.22,78.06666667,905.75,920.9,1010.95,23.488,23.101,23.326,8189.59,8276.71,8375.4,1975.513333,1942.665833,49.6706501,82.05244444,80.75569444,5.77721951,911.04,966.355,58.97088241,23.24833333,23.39858333,0.940283077,8175.57,8490.290833,342.2380095
1/1/2024,2024,1,1,2,1,7,8338.88,77.67233333,2034.04,925.86,22.916,2023.24,2026.18,1916.25,1897.71,75.71933333,89.08366667,80.41,935.47,891.9,1053.25,23.878,22.379,23.653,8399.94,7937.18,9037.95,2014.776667,1954.026667,53.86709003,78.24866667,80.52755556,5.845759619,922.36,955.7391667,53.07795955,23.42733333,23.33716667,0.946205324,8309.47,8432.035,297.0560368
1/2/2024,2024,2,1,2,1,7,8304.95,80.548,2023.24,894.29,22.657,2158.01,2034.04,1984.11,1854.54,77.67233333,81.35433333,80.25333333,925.86,905.75,958.85,22.916,23.488,21.921,8338.88,8189.59,8936.59,2027.82,1968.085,47.13572772,77.97988889,80.55211111,5.84512186,918.54,950.3591667,55.92930415,23.15033333,23.3985,0.866566212,8347.923333,8379.398333,252.0809041
1/3/2024,2024,3,1,2,2,7,8689.13,83.54566667,2158.01,908.75,24.518,2331.45,2023.24,2026.18,1912.73,80.548,75.71933333,76.47333333,894.29,935.47,970.61,22.657,23.878,21.976,8304.95,8399.94,8856.31,2071.763333,1988.525,69.04106255,80.58866667,81.14147222,5.752285978,909.6333333,945.2041667,56.73807115,23.36366667,23.61033333,0.794961444,8444.32,8365.466667,226.666049
1/4/2024,2024,4,2,2,4,7,9464.43,88.01133333,2331.45,940.18,27.494,2351.13,2158.01,2034.04,1999.77,83.54566667,77.67233333,82.46,908.75,925.86,1050.74,24.518,22.916,25.01,8689.13,8338.88,8809.42,2170.9,2016.165,120.8819191,84.035,81.60408333,6.081754392,914.4066667,935.9908333,46.0040511,24.88966667,23.81733333,1.333526175,8819.503333,8420.050833,374.1687935
1/5/2024,2024,5,2,2,2,7,10139.33,81.445,2351.13,1014.68,29.36,2326.44,2331.45,2023.24,1992.13,88.01133333,80.548,74.12333333,940.18,894.29,1062.73,27.494,22.657,24.267,9464.43,8304.95,8217.47,2280.196667,2046.081667,154.2196216,84.334,82.21422222,5.61217471,954.5366667,931.9866667,34.66314294,27.124,24.24175,2.087160147,9430.963333,8580.205833,614.0115129
1/6/2024,2024,6,2,2,3,7,9648.17,81.205,2326.44,985.08,29.577,2398.2,2351.13,2158.01,1942.9,81.445,83.54566667,73.26333333,1014.68,908.75,970.64,29.36,24.518,23.417,10139.33,8689.13,8396.52,2336.34,2078.043333,169.8438774,83.55377778,82.87602778,4.881373067,979.98,933.19,36.33720107,28.81033333,24.75508333,2.56800522,9750.643333,8684.51,682.4665282
1/7/2024,2024,7,3,2,5,7,9385.31,83.25866667,2398.2,978.8,29.773,2470.15,2326.44,2331.45,1951.02,81.205,88.01133333,78.98333333,985.08,940.18,950.42,29.577,27.494,24.256,9648.17,9464.43,8476.68,2358.59,2115.308333,187.5724275,81.96955556,83.23230556,4.724943188,992.8533333,935.555,38.42418095,29.57,25.21483333,2.93776541,9724.27,8760.229167,707.2670068
1/8/2024,2024,8,3,2,1,7,8971.96,78.121,2470.15,945.36,28.53,2570.55,2398.2,2351.13,1918.7,83.25866667,81.445,84.72433333,978.8,1014.68,925,29.773,29.36,23.437,9385.31,10139.33,8349.13,2398.263333,2161.2625,202.0202324,80.86155556,82.68202778,4.916036832,969.7466667,937.2516667,38.36520721,29.29333333,25.63925,3.02419345,9335.146667,8812.131667,697.1365977
1/9/2024,2024,9,3,2,2,7,9237.48,72.42433333,2570.55,966.7,30.131,2690.08,2470.15,2326.44,1915.95,78.121,81.205,92.22,945.36,985.08,920.9,28.53,29.577,23.101,8971.96,9648.17,8276.71,2479.633333,2215.8125,217.540701,77.93466667,81.03238889,4.742777083,963.62,941.0683333,38.86550745,29.478,26.22508333,3.165408245,9198.25,8892.195833,685.1221118
1/10/2024,2024,10,4,2,4,7,9533.99,73.97066667,2690.08,998.91,32.416,2651.13,2570.55,2398.2,1916.25,72.42433333,83.25866667,89.08366667,966.7,978.8,891.9,30.131,29.773,22.379,9237.48,9385.31,7937.18,2576.926667,2280.298333,234.6863323,74.83866667,79.77297222,4.40500296,970.3233333,949.9858333,38.83493752,30.359,27.0615,3.37582153,9247.81,9025.263333,636.0872142
1/11/2024,2024,11,4,2,1,7,9075.73,72.29166667,2651.13,965.53,31.094,2648.01,2690.08,2470.15,1984.11,73.97066667,78.121,81.35433333,998.91,945.36,905.75,32.416,28.53,23.488,9533.99,8971.96,8189.59,2637.253333,2335.883333,237.1356937,72.89555556,79.01775,4.862373761,977.0466667,954.9675,36.40265253,31.21366667,27.69533333,3.357868624,9282.4,9099.108333,579.1401416
1/12/2024,2024,12,4,2,3,7,8916.32,72.311,2648.01,937.88,30.764,2648.01,2651.13,2570.55,2026.18,72.29166667,72.42433333,75.71933333,965.53,966.7,935.47,31.094,30.131,23.878,9075.73,9237.48,8399.94,2663.073333,2387.7025,231.1730754,72.85777778,78.73372222,5.162824687,967.44,955.1683333,36.29178515,31.42466667,28.26916667,3.232243292,9175.346667,9142.14,540.3526512
